rowId,24,label
28,3.899134808,1
58,3.899878173,1
64,3.933173998,1
65,3.888917864,0
107,3.929284299,1
127,3.898149417,1
165,3.908349073,1
203,3.886774208,1
231,3.927659269,1
303,3.906482018,1
304,3.913690927,1
330,3.890681195,1
348,3.940002582,1
349,3.889211753,1
