rowId,2,30,label
12,3.720619323,3.585539815,1
16,3.71348663,3.732665705,1
46,3.720619323,3.746611868,1
48,3.683770423,3.728973559,1
56,3.720619323,3.756410928,1
58,3.720619323,3.753698688,1
70,3.720619323,3.684842792,1
107,3.70954858,3.787452951,1
139,3.720619323,3.660065168,1
169,3.720619323,3.601655769,1
195,3.593416276,3.7535762,1
287,3.601674127,3.745631962,1
