rowId,26,label
33,3.754737856,0
50,3.759270941,1
64,3.75020477,1
121,3.736683002,1
165,3.749894815,1
167,3.735288206,1
205,3.745807289,1
231,3.795787465,1
235,3.735830626,1
270,3.767291016,1
303,3.746427199,1
304,3.772540872,1
322,3.777616378,1
347,3.762447976,1
348,3.742436533,1
