rowId,1,label
160,2.336348809,0
336,2.340591405,0
500,2.303924463,0
555,2.308507831,0
664,2.31237558,0
790,2.321542315,1
817,2.33106686,1
851,2.346231163,1
939,2.326483493,1
973,2.335650228,1
1000,2.336348809,1
1027,2.308848602,1
1028,2.340591405,1
1088,2.313789779,1
1095,2.339177207,1
1110,2.322598705,1
1122,2.327897692,1
1156,2.327182073,1
1183,2.344459155,1
1217,2.336008038,1
1232,2.318373147,1
1271,2.309904991,1
1278,2.336008038,1
1339,2.320145155,1
1366,2.310262801,1
