rowId,12,8,label
2,3.729088589,3.745075121,1
6,3.613078287,3.686522531,1
22,3.693841902,3.768819587,1
32,3.726291998,3.732098495,1
90,3.725070499,3.668576132,1
125,3.608449448,3.664533262,1
161,3.771005307,3.65341044,1
177,3.695175908,3.716183392,1
217,3.580869276,3.640749354,1
259,3.672015635,3.653075177,1
318,3.627029097,3.697546747,1
331,3.764672797,3.710937521,1
332,3.754450775,3.693208057,1
342,3.715925326,3.702792617,1
346,3.660845344,3.774183785,1
350,3.652343065,3.744345432,1
