rowId,0,label
9,2.387603505,0
49,2.422534315,0
180,2.425242948,0
242,2.424539407,0
265,2.408146902,0
307,2.411383191,0
312,2.406810174,0
318,2.403186938,0
430,2.399387817,0
454,2.410961066,0
556,2.39875463,0
565,2.399739587,0
586,2.39112121,0
591,2.384507925,0
693,2.391895105,0
796,2.424609761,1
917,2.397277194,1
924,2.406880528,1
1338,2.403573886,1
1339,2.393161479,1
