rowId,1,3,label
38,3.0,2.997956934,1
58,3.0,3.03114417,1
74,3.0,3.014335345,1
76,3.0,2.991863169,1
86,3.0,3.0020572,1
99,3.0,3.012160618,1
123,3.0,2.993879322,1
148,3.0,3.022399956,0
193,3.0,3.016124963,1
217,3.0,2.994037895,1
245,3.0,2.98361733,1
259,3.0,3.021244632,1
288,3.0,2.997481213,1
332,3.0,2.983911824,1
340,3.0,3.029173324,1
