rowId,2,32,label
12,3.720619323,3.569977482,1
16,3.71348663,3.688868538,1
20,3.720619323,3.754168694,1
46,3.720619323,3.768728735,1
48,3.683770423,3.753575578,1
56,3.720619323,3.74724263,1
70,3.720619323,3.699429829,1
103,3.634303687,3.661891327,1
169,3.720619323,3.622898734,1
209,3.720619323,3.723039671,1
310,3.593195263,3.763237629,1
