rowId,7,9,label
17,4.691099003,4.691956417,0
52,4.691099003,4.691956417,1
77,4.691099003,4.691956417,0
79,4.691099003,4.691956417,0
81,4.691099003,4.691956417,0
187,4.691099003,4.691956417,1
206,4.691099003,4.691956417,0
214,4.691099003,4.691956417,0
220,4.691099003,4.691956417,0
228,4.691099003,4.691956417,0
