rowId,16,label
17,0.763910212,0
19,0.763910212,0
21,0.763910212,0
37,0.763910212,0
41,0.763910212,0
52,0.763910212,1
53,0.763910212,0
57,0.763910212,0
136,0.795640558,0
187,0.763910212,1
202,0.763910212,0
204,0.763910212,0
226,0.763910212,0
