rowId,20,label
2,3.61029394,1
10,3.60632561,1
32,3.604849785,1
99,3.596093222,1
117,3.606801154,1
194,3.576710718,0
207,3.63756391,1
268,3.639630065,1
291,3.599766387,1
318,3.616820367,1
