rowId,25,label
34,3.431109611,1
39,3.462319388,0
85,3.462870033,0
97,3.49101193,1
99,3.443735116,1
104,3.490107299,0
120,3.461808074,0
238,3.459684158,0
280,3.452840426,1
305,3.43997893,1
330,3.453804055,1
