rowId,17,label
24,2.858738806,1
99,2.849197013,1
161,2.870474809,1
227,2.842111125,1
241,2.884304369,1
247,2.887021969,1
304,2.832629723,1
312,2.863207747,1
332,2.882251072,1
344,2.866891604,1
