rowId,22,30,label
36,3.970033186,3.849117038,1
54,3.892602717,3.852161746,1
103,3.942058841,3.942173113,1
107,3.854442331,3.787452951,1
126,3.835130261,3.918760359,0
243,3.872180948,3.844689962,1
245,3.795644863,3.808030978,1
303,3.936907851,3.992848254,1
304,3.923558342,3.877306834,1
305,3.831337411,3.836413256,1
313,3.848744774,3.794119812,1
319,3.864280556,3.873982153,1
321,3.86896779,3.91123608,1
331,3.806327783,3.812948006,1
332,3.782394729,3.796272105,1
