rowId,20,32,label
46,3.923562434,3.768728735,1
54,3.947126443,3.903633922,1
107,3.921676657,3.796873045,1
161,3.892963658,3.844762377,1
195,3.839604379,3.973946865,1
287,3.773864565,3.809940729,1
293,3.864890184,3.844513651,1
319,3.90890257,3.943659684,1
331,3.851509368,3.877001101,1
332,3.828306117,3.863876018,1
342,3.870629504,3.832326074,1
350,3.787966895,3.972473641,1
