rowId,33,label
66,2.812592061,1
89,2.834264478,0
93,2.777382389,0
116,2.829075909,0
123,2.835631015,1
127,2.822008352,1
147,2.819040406,1
158,2.822499452,0
247,2.786072708,1
273,2.796343085,1
303,2.810649016,1
312,2.810243326,1
314,2.797496101,1
320,2.826705822,1
343,2.791859137,1
