rowId,12,label
34,3.640995979,1
87,3.670681629,0
151,3.641606728,1
193,3.648453554,1
207,3.639292308,1
209,3.670826281,1
259,3.672015635,1
272,3.63270264,1
293,3.679167836,1
344,3.691366758,1
346,3.660845344,1
350,3.652343065,1
