rowId,0,label
386,0.96965182,0
420,0.973626827,0
562,0.98192861,0
740,0.986536804,0
847,0.974189659,1
914,0.95582724,1
1071,0.954877459,1
1143,0.9813306,1
1152,0.973802712,1
1159,0.945133417,1
1189,0.970073945,1
1191,0.944605761,1
1194,0.977672187,1
1212,0.9834764,1
1227,0.945485187,1
1246,0.983441223,1
1255,0.965043626,1
1265,0.951711525,1
1267,0.983687463,1
1274,0.949495371,1
1371,0.953259315,1
