rowId,14,4,label
6,3.615967694,3.663526919,1
32,3.730668687,3.6405785,1
39,3.730071286,3.761072128,0
40,3.691439354,3.767381501,1
62,3.713742325,3.754916642,1
72,3.74145254,3.70505721,1
90,3.666042153,3.767381501,1
125,3.579602823,3.644541093,1
171,3.664219314,3.767381501,1
193,3.60299337,3.755128237,1
201,3.632740876,3.767381501,1
234,3.635758517,3.612974994,0
305,3.744990993,3.669566989,1
317,3.771935309,3.767381501,1
