rowId,12,14,2,label
6,3.613078287,3.615967694,3.672157193,1
34,3.640995979,3.6498051,3.720619323,1
39,3.777611047,3.730071286,3.720619323,0
40,3.568863222,3.691439354,3.720619323,1
62,3.709914263,3.713742325,3.720619323,1
72,3.74230007,3.74145254,3.641998959,1
117,3.631047187,3.654109451,3.684091896,1
125,3.608449448,3.579602823,3.624518838,1
193,3.648453554,3.60299337,3.720619323,1
287,3.694468724,3.739308024,3.601674127,1
