rowId,7,label
14,2.663964656,1
24,2.672260385,1
48,2.661353038,1
56,2.642476414,1
119,2.638501377,1
121,2.662101958,1
130,2.666998742,0
138,2.685452898,0
143,2.638347752,1
147,2.646240217,1
274,2.67135784,1
276,2.686163412,1
346,2.663887844,1
