rowId,2,label
22,0.788610054,0
39,0.80471203,0
41,0.816243272,0
45,0.797148278,0
47,0.797148278,0
139,0.816243272,0
176,0.811463723,0
202,0.797148278,0
203,0.781255117,0
212,0.811278109,0
271,0.792183115,0
378,0.803111113,0
442,0.789213298,0
448,0.811463723,0
495,0.814456741,0
531,0.810280437,0
615,0.816243272,0
677,0.820210762,0
1019,0.824595882,1
1263,0.822414923,1
