rowId,16,18,label
24,3.501198698,3.475708427,1
72,3.567086496,3.527954529,1
90,3.501781204,3.560320926,1
99,3.525647731,3.441888975,1
117,3.396946469,3.514845101,1
151,3.514628677,3.490654133,1
179,3.564529946,3.514030752,1
193,3.46244593,3.37805037,1
201,3.510551141,3.378178111,1
233,3.466458742,3.438535772,1
237,3.528107197,3.38925965,1
256,3.474322561,3.498334566,1
258,3.492218412,3.411215148,1
294,3.402059569,3.442256231,1
