rowId,16,label
12,3.91082922,1
36,3.879681379,1
48,3.906476613,1
66,3.931281621,1
107,3.901039898,1
126,3.926459773,0
128,3.905473409,0
140,3.924210656,0
147,3.921330492,1
197,3.932123017,1
231,3.907447454,1
234,3.894519078,0
303,3.926670122,1
313,3.932948233,1
321,3.897512506,1
330,3.891024047,1
331,3.931200717,1
341,3.901816572,1
348,3.916508645,1
