rowId,1,label
60,1.748614522,0
71,1.756370466,0
222,1.781403492,0
246,1.754606977,0
346,1.752492494,0
363,1.770825966,0
410,1.751434401,0
411,1.750729005,0
440,1.785281465,0
557,1.760248439,0
627,1.746851033,0
669,1.751434401,0
749,1.784928767,0
792,1.75002361,1
795,1.753901582,1
853,1.744382148,1
856,1.77012057,1
896,1.779640003,1
904,1.783870673,1
975,1.776114729,1
1018,1.764831806,1
1062,1.775409333,1
1197,1.783517976,1
1219,1.750729005,1
1258,1.767653389,1
