rowId,3,label
10,2.183333704,0
78,2.151330096,0
183,2.146403901,0
196,2.15748427,0
401,2.161177726,0
462,2.161177726,0
469,2.151944086,0
553,2.178407509,0
574,2.183333704,0
799,2.15748427,1
816,2.175946791,1
840,2.158098259,1
870,2.174714053,1
937,2.166099161,1
995,2.180868227,1
998,2.142710445,1
1056,2.173486074,1
1145,2.18702716,1
1236,2.172253335,1
1242,2.172867325,1
1243,2.154404803,1
1267,2.153176824,1
1297,2.156865521,1
1360,2.183947693,1
1361,2.167945889,1
