rowId,14,8,label
6,3.615967694,3.686522531,1
32,3.730668687,3.732098495,1
84,3.592209516,3.685556186,1
90,3.666042153,3.668576132,1
125,3.579602823,3.664533262,1
161,3.672858651,3.65341044,1
259,3.709560518,3.653075177,1
291,3.71037237,3.587580683,1
317,3.771935309,3.738034611,1
318,3.659057156,3.697546747,1
342,3.746063251,3.702792617,1
346,3.687640497,3.774183785,1
350,3.686951188,3.744345432,1
