rowId,8,label
6,3.686522531,1
32,3.732098495,1
50,3.72499882,1
63,3.72050236,0
84,3.685556186,1
119,3.721665918,1
139,3.696185976,1
177,3.716183392,1
270,3.725649624,1
317,3.738034611,1
318,3.697546747,1
331,3.710937521,1
332,3.693208057,1
342,3.702792617,1
