rowId,29,label
3,2.659268245,0
36,2.689722554,1
84,2.63849947,1
97,2.674583987,1
157,2.627888693,1
191,2.638991621,1
207,2.64048776,1
266,2.666847372,1
294,2.642535109,1
304,2.659425734,1
308,2.677261289,1
337,2.686316869,1
