rowId,9,label
14,2.806334168,1
60,2.816109907,1
65,2.79930721,0
99,2.830804517,1
103,2.800051241,1
115,2.822041487,1
161,2.811976403,1
247,2.823818894,1
257,2.784777941,1
259,2.829833144,1
274,2.792424925,1
319,2.790750855,1
323,2.813092449,1
