rowId,1,label
86,1.99682178,0
123,2.00000799,0
235,2.018341459,0
322,2.016211641,0
456,1.990125633,0
514,1.987314274,0
755,2.026093996,0
758,1.988370663,0
802,2.001762957,1
811,2.002120767,1
863,1.999292369,1
872,2.010231113,1
874,2.007760524,1
911,1.988012854,1
933,1.982373096,1
985,1.998934559,1
996,2.027508195,1
1033,2.006346325,1
1177,2.017983649,1
1240,1.99542462,1
1245,1.986956464,1
1290,2.008816914,1
1301,1.99682178,1
1351,1.996481009,1
1360,2.002461538,1
