rowId,3,label
510,1.522304996,0
516,1.530348734,0
639,1.924206338,0
773,2.028870129,1
786,2.233799833,1
821,2.35443211,1
822,2.014067746,1
826,2.395664599,1
830,2.070707088,1
833,2.296579069,1
847,2.200563487,1
853,2.078084481,1
873,2.398744065,1
882,2.316274329,1
884,2.457211096,1
885,2.475678377,1
888,2.195642051,1
892,1.994362967,1
998,2.281805244,1
1046,2.05657105,1
1058,2.033153777,1
1067,2.233799833,1
1075,2.007927851,1
1078,1.98946057,1
1122,1.973468286,1
1137,1.950669761,1
