rowId,26,label
3,2.950580071,0
26,2.883223067,1
39,2.897384117,0
85,2.905946612,0
88,2.892231122,1
92,2.917976724,1
94,2.926481103,1
179,2.895253179,1
267,2.900212452,1
268,2.901704109,1
269,2.893354707,1
