rowId,12,6,label
10,3.902493292,3.913227413,1
12,3.894505329,3.913207114,1
46,3.909597276,3.905128419,1
58,3.894151737,3.912253098,1
197,3.93283791,3.913227413,1
231,3.918260278,3.89134592,1
333,3.917376298,3.913227413,1
334,3.936422046,3.913227413,1
335,3.898330551,3.913227413,1
341,3.929109122,3.892563814,1
