rowId,17,7,label
99,2.849197013,2.843628638,1
127,2.903025609,2.81985523,1
141,2.953754128,2.794103904,1
243,2.905481513,2.79688835,1
245,2.897993018,2.784502366,1
258,2.827657523,2.821621913,1
268,2.938515442,2.956619539,1
312,2.863207747,2.797157193,1
322,2.943044774,2.784406351,1
332,2.882251072,2.780584939,1
344,2.866891604,2.778165351,1
350,2.915305131,2.92940878,1
