rowId,21,label
84,3.118174708,1
88,3.11265524,1
89,3.081989385,0
93,3.121416913,0
94,3.111767494,1
121,3.129638219,1
123,3.144807106,1
139,3.088300106,1
147,3.109162151,1
203,3.159435626,1
207,3.131259321,1
233,3.116302721,1
236,3.171728986,0
256,3.179062545,1
258,3.130139989,1
268,3.123153809,1
277,3.096405618,1
297,3.100554868,1
304,3.182266153,1
317,3.106132233,1
318,3.121436212,1
319,3.119988799,1
322,3.134540124,1
335,3.165321772,1
341,3.090596668,1
347,3.146331714,1
348,3.132147068,1
