rowId,26,8,label
50,3.759270941,3.72499882,1
177,3.574034336,3.716183392,1
241,3.660221081,3.749216598,1
243,3.625506168,3.749295483,1
270,3.767291016,3.725649624,1
288,3.616091298,3.754738566,1
313,3.580543382,3.623670694,1
317,3.590326323,3.738034611,1
322,3.777616378,3.661989213,1
329,3.687748922,3.770298686,1
349,3.677694771,3.681592202,1
