rowId,1,21,26,label
84,3.0,3.118174708,3.132600898,1
139,3.0,3.088300106,3.133027086,1
233,3.0,3.116302721,3.111795197,1
256,3.0,3.179062545,3.122023698,1
257,3.0,3.065585372,3.14651011,1
258,3.0,3.130139989,3.089865911,1
275,3.0,3.003057134,3.186145552,1
276,3.0,2.997074494,3.06001341,1
291,3.0,2.976714219,3.141027788,1
318,3.0,3.121436212,3.185273805,1
