rowId,25,label
50,3.085363492,1
89,3.045559718,0
91,3.066877549,0
94,3.077536465,1
115,3.046346354,1
129,3.05096784,1
141,3.052462448,1
159,3.032147577,1
195,3.089080346,1
259,3.056552954,1
266,3.076494173,1
274,3.031793591,1
276,3.073327963,1
285,3.047585305,1
303,3.0519708,1
320,3.043022818,1
332,3.054488035,1
346,3.057359256,1
