rowId,31,label
1,2.884950956,0
94,2.971014442,1
96,2.899807616,1
115,2.967782194,1
122,2.914664277,0
129,2.932324816,1
141,2.940989579,1
156,2.971287041,0
160,2.960694612,0
161,2.96957356,1
174,2.963128535,0
178,2.913768594,0
237,2.980341232,1
239,2.90720674,1
245,2.910030089,1
247,2.901170613,1
249,2.926736531,1
251,2.891765938,1
256,2.988636038,1
270,2.939938124,1
276,2.9545806,1
313,2.96928149,1
320,2.880881438,1
342,2.925217763,1
349,2.934233011,1
