rowId,18,label
58,3.970864797,1
125,3.950601867,1
147,3.988381293,1
199,3.953651686,1
302,3.97921587,1
303,3.9467377,1
304,3.975511378,1
319,3.956893116,1
321,3.931201191,1
330,3.943624011,1
331,3.943624011,1
346,3.969236098,1
347,3.940414516,1
