rowId,14,label
32,3.730668687,1
39,3.730071286,0
40,3.691439354,1
62,3.713742325,1
239,3.694487631,1
259,3.709560518,1
287,3.739308024,1
291,3.71037237,1
344,3.726057976,1
346,3.687640497,1
350,3.686951188,1
