rowId,6,label
52,3.730746317,1
82,3.704196231,1
109,3.700461356,1
125,3.730462142,1
223,3.685542157,1
321,3.700197479,1
322,3.711686278,1
330,3.71889215,1
331,3.680650283,1
332,3.694209501,1
