rowId,0,label
45,1.570616532,0
47,1.570616532,0
59,1.572027132,0
202,1.57062005,0
778,1.574939792,1
811,1.543709607,1
865,1.573061337,1
871,1.580807324,1
893,1.575548355,1
903,1.560805653,1
1019,1.559957886,1
1048,1.549439949,1
1053,1.553573252,1
1067,1.556858788,1
1190,1.555029582,1
1197,1.558786491,1
1231,1.57357844,1
1251,1.574141273,1
1270,1.585974832,1
1292,1.577286101,1
