rowId,17,25,label
33,2.64769206,2.738968398,0
36,2.732199332,2.729941752,1
48,2.774110752,2.752793523,1
101,2.720282156,2.705713368,1
103,2.580194947,2.761761172,1
107,2.746049023,2.749194664,1
144,2.770447025,2.63871166,0
213,2.719698376,2.578121034,1
292,2.579892991,2.626420475,1
293,2.586073013,2.7712598,1
295,2.735017583,2.743196566,1
338,2.606505334,2.77499632,1
