rowId,18,label
3,0.829376266,0
7,0.829376266,0
17,0.829376266,0
21,0.829376266,0
23,0.829376266,0
27,0.829376266,0
29,0.829376266,0
45,0.829376266,0
51,0.829376266,0
52,0.829376266,1
77,0.829376266,0
79,0.829376266,0
170,0.829376266,0
187,0.829376266,1
188,0.829376266,0
190,0.829376266,0
202,0.829376266,0
250,0.829376266,0
252,0.829376266,0
298,0.829376266,1
311,0.829376266,1
