rowId,1,label
12,2.978037342,0
32,2.970284806,0
78,2.974868174,0
90,2.973811784,0
204,2.957233282,0
208,2.968172026,0
218,2.972056814,0
262,2.968529836,0
309,2.9836771,0
367,2.991088866,0
385,2.948782166,0
462,2.968172026,0
526,2.942784599,0
527,2.955120503,0
566,2.965002858,0
619,2.972397585,0
624,2.974169593,0
685,2.974169593,0
746,2.973113204,0
974,2.950894945,1
1050,2.977338762,1
