rowId,9,label
15,0.558451553,0
21,0.558451553,0
25,0.558451553,0
31,0.558451553,0
39,0.558451553,0
49,0.558451553,0
53,0.558451553,0
67,0.558451553,0
71,0.558451553,0
75,0.558451553,0
128,0.558451553,0
162,0.558451553,0
170,0.558451553,0
186,0.558451553,0
202,0.558451553,0
204,0.558451553,0
250,0.558451553,0
