rowId,19,label
17,4.972783407,0
19,4.972783407,0
21,4.972783407,0
23,4.972783407,0
28,4.878365651,1
37,4.972783407,0
51,4.972783407,0
53,4.972783407,0
67,4.972783407,0
69,4.972783407,0
75,4.972783407,0
77,4.972783407,0
78,4.972783407,1
79,4.972783407,0
162,4.972783407,0
164,4.972783407,0
184,4.972783407,0
186,4.972783407,0
194,4.972783407,0
196,4.972783407,0
206,4.972783407,0
216,4.972783407,0
222,4.972783407,0
250,4.972783407,0
307,4.972783407,1
