rowId,31,label
94,2.971014442,1
115,2.967782194,1
129,2.932324816,1
141,2.940989579,1
156,2.971287041,0
160,2.960694612,0
161,2.96957356,1
174,2.963128535,0
237,2.980341232,1
256,2.988636038,1
270,2.939938124,1
276,2.9545806,1
313,2.96928149,1
349,2.934233011,1
