rowId,23,label
88,3.264961761,1
135,3.276128562,1
173,3.281190593,1
197,3.284053389,1
198,3.239556814,0
203,3.281190593,1
207,3.263179623,1
209,3.255766687,1
231,3.243405473,1
233,3.248770847,1
258,3.261283731,1
266,3.252695342,1
267,3.246950791,1
271,3.265189268,1
275,3.263312335,1
318,3.252486794,1
319,3.254761864,1
322,3.283636293,1
330,3.24329172,1
335,3.248808765,1
346,3.234305194,1
