rowId,10,14,30,label
36,3.891234415,3.962659408,3.849117038,1
54,3.835830331,3.922082094,3.852161746,1
107,3.867188119,3.807947867,3.787452951,1
126,3.881864346,3.881489462,3.918760359,0
203,3.848927132,3.865359635,3.894385196,1
289,3.855794967,3.94502842,3.965165908,1
303,3.834481608,3.959503906,3.992848254,1
304,3.783727066,3.871716595,3.877306834,1
321,3.774960372,3.880248706,3.91123608,1
332,3.841402682,3.794805045,3.796272105,1
