rowId,13,19,label
19,4.831958872,4.972783407,0
51,4.831958872,4.972783407,0
53,4.831958872,4.972783407,0
67,4.831958872,4.972783407,0
69,4.831958872,4.972783407,0
75,4.831958872,4.972783407,0
77,4.831958872,4.972783407,0
78,4.831958872,4.972783407,1
79,4.831958872,4.972783407,0
164,4.831958872,4.972783407,0
196,4.831958872,4.972783407,0
206,4.831958872,4.972783407,0
222,4.831958872,4.972783407,0
307,4.831958872,4.972783407,1
