rowId,1,label
164,1.944990535,0
229,1.936181609,0
230,1.936897228,0
241,1.939350778,0
334,1.91290696,0
369,1.907267203,0
417,1.908681402,0
418,1.943235565,0
528,1.921375116,0
539,1.924902094,0
678,1.909737792,0
706,1.918205947,0
813,1.939708587,1
818,1.923487895,1
873,1.922431505,1
879,1.91396335,1
1001,1.932296821,1
1118,1.940066396,1
1300,1.917490328,1
1362,1.943934146,1
1367,1.902343064,1
