rowId,20,32,label
50,4.087690593,4.117098277,1
101,4.087690593,3.99633221,1
127,4.048663216,4.113673511,1
141,3.982480655,4.165217203,1
197,4.045055643,4.178323153,1
244,4.087690593,4.06628163,0
270,4.005962674,4.096109624,1
288,4.052959507,4.019808123,1
303,3.993057402,4.092723123,1
304,4.087690593,4.179318057,1
347,3.96749283,4.081893974,1
