rowId,12,16,26,label
66,3.963053948,3.931281621,3.818472266,1
119,3.963053948,3.787904466,3.887940836,1
126,3.895935769,3.926459773,3.887940836,0
147,3.945679726,3.921330492,3.859967436,1
197,3.93283791,3.932123017,3.815062766,1
231,3.918260278,3.907447454,3.795787465,1
302,3.938945407,3.957915048,3.823102213,1
304,3.860303345,3.785784795,3.772540872,1
333,3.917376298,3.965568517,3.84028532,1
334,3.936422046,3.960714308,3.849835795,1
341,3.929109122,3.901816572,3.824187054,1
