rowId,12,32,label
84,3.506566751,3.409912698,1
99,3.576256508,3.430843952,1
233,3.465614375,3.376832132,1
234,3.481959966,3.412993075,0
239,3.506406027,3.57927601,1
256,3.433116061,3.505787027,1
257,3.381025539,3.485161897,1
268,3.465935822,3.40620094,1
273,3.507965046,3.492432351,1
295,3.382166677,3.409109121,1
