rowId,3,label
4,2.84509177,1
20,2.885618708,1
33,2.84069701,0
47,2.838658204,0
56,2.848308553,1
84,2.835803875,1
88,2.863939402,1
147,2.874994262,1
149,2.863146532,1
152,2.880499039,0
155,2.874926302,1
241,2.880068625,1
257,2.845340958,1
274,2.884825839,1
276,2.838046562,1
302,2.83750288,1
303,2.864800231,1
320,2.872774229,1
335,2.869081724,1
345,2.868538042,1
349,2.861945902,1
