rowId,30,32,label
2,3.440688706,3.403866741,1
12,3.585539815,3.569977482,1
60,3.376907323,3.369561678,1
84,3.415981076,3.409912698,1
99,3.428842342,3.430843952,1
117,3.445570738,3.457342844,1
151,3.433059438,3.543306396,1
207,3.435684186,3.43013604,1
237,3.587902088,3.527368795,1
256,3.46338403,3.505787027,1
259,3.548968322,3.563854995,1
315,3.3740201,3.53243898,1
318,3.40133498,3.390186808,1
325,3.454354896,3.480933554,1
344,3.543263869,3.553905952,1
