rowId,5,label
3,4.918601484,0
29,4.918601484,0
31,4.918601484,0
35,4.918601484,0
41,4.918601484,0
52,4.918601484,1
53,4.918601484,0
55,4.918601484,0
59,4.918601484,0
71,4.918601484,0
81,4.918601484,0
114,4.918601484,0
162,4.918601484,0
165,4.918601484,1
170,4.918601484,0
180,4.918601484,0
184,4.918601484,0
187,4.918601484,1
196,4.918601484,0
204,4.918601484,0
216,4.918601484,0
220,4.918601484,0
222,4.918601484,0
224,4.918601484,0
226,4.918601484,0
228,4.918601484,0
