rowId,18,22,30,label
102,2.426139793,2.399643895,2.383160124,0
114,2.431600724,2.399594207,2.383160124,0
138,2.433644581,2.397755751,2.383160124,0
143,2.427385268,2.39918014,2.382950144,1
145,2.374564331,2.371056731,2.381602774,1
168,2.426139793,2.399643895,2.383160124,0
212,2.426139793,2.399643895,2.383160124,0
230,2.426139793,2.399643895,2.383160124,0
246,2.426139793,2.399643895,2.383160124,0
248,2.426139793,2.399643895,2.383160124,0
