rowId,2,label
16,1.761939686,0
132,1.763728536,0
276,1.781023079,0
391,1.779633298,0
394,1.742654438,0
396,1.754781963,0
409,1.756770348,0
444,1.783607748,0
464,1.763928071,0
508,1.779433763,0
565,1.743053507,0
586,1.772872324,0
598,1.771083474,0
606,1.772276041,0
642,1.751401476,0
687,1.783807283,0
761,1.757566166,0
799,1.750607978,1
991,1.780229581,1
1111,1.774264426,1
