rowId,21,29,label
21,4.913873776,5.0,0
23,4.913873776,5.0,0
28,4.913873776,5.0,1
37,4.913873776,5.0,0
77,4.913873776,5.0,0
78,4.913873776,5.0,1
79,4.913873776,5.0,0
162,4.913873776,5.0,0
164,4.913873776,5.0,0
200,4.913873776,5.0,0
214,4.913873776,5.0,0
216,4.913873776,5.0,0
222,4.913873776,5.0,0
