rowId,14,20,30,label
54,3.922082094,3.947126443,3.852161746,1
107,3.807947867,3.921676657,3.787452951,1
203,3.865359635,3.864086679,3.894385196,1
241,3.863414252,3.890848309,3.930431739,1
243,3.898829409,3.897768289,3.844689962,1
289,3.94502842,3.779751468,3.965165908,1
319,3.862740262,3.90890257,3.873982153,1
321,3.880248706,3.931827055,3.91123608,1
331,3.809081397,3.851509368,3.812948006,1
332,3.794805045,3.828306117,3.796272105,1
