rowId,16,label
8,3.972623301,1
64,3.961426259,1
103,3.988286216,1
121,3.981894841,1
197,3.932123017,1
270,3.975729995,1
302,3.957915048,1
313,3.932948233,1
333,3.965568517,1
334,3.960714308,1
335,3.981943383,1
347,3.954306752,1
