rowId,22,label
8,3.553018351,1
76,3.564512842,1
99,3.528936233,1
109,3.561018119,1
117,3.535909116,1
137,3.559030599,1
159,3.583559909,1
207,3.564015962,1
267,3.540381036,1
272,3.574781696,1
276,3.584288667,1
318,3.540728852,1
350,3.575626392,1
