rowId,12,16,30,label
20,3.963053948,3.872610414,3.790865124,1
36,3.963053948,3.879681379,3.849117038,1
126,3.895935769,3.926459773,3.918760359,0
241,3.78389534,3.79193346,3.930431739,1
243,3.851190316,3.773924344,3.844689962,1
289,3.92963951,3.862222407,3.965165908,1
303,3.917617384,3.926670122,3.992848254,1
304,3.860303345,3.785784795,3.877306834,1
313,3.963053948,3.932948233,3.794119812,1
319,3.820990349,3.79518578,3.873982153,1
321,3.867568052,3.897512506,3.91123608,1
