rowId,17,5,label
2,2.73262207,2.759035238,1
36,2.732199332,2.722273894,1
48,2.774110752,2.665656215,1
101,2.720282156,2.680326031,1
105,2.651355787,2.66839053,1
144,2.770447025,2.748510296,0
146,2.692743817,2.748510296,0
239,2.674022578,2.598014472,1
259,2.756718117,2.75289388,1
295,2.735017583,2.762941403,1
