rowId,7,label
3,0.850483736,0
7,0.850483736,0
11,0.850483736,0
15,0.850483736,0
25,0.850483736,0
29,0.850483736,0
31,0.850483736,0
43,0.850483736,0
65,0.850483736,0
67,0.850483736,0
69,0.850483736,0
71,0.850483736,0
75,0.850483736,0
100,0.864597997,0
104,0.850483736,0
109,0.899451581,1
112,0.850483736,0
164,0.850483736,0
184,0.850483736,0
186,0.850483736,0
194,0.850483736,0
216,0.850483736,0
218,0.850483736,0
222,0.850483736,0
232,0.850483736,0
240,0.850483736,0
