rowId,8,label
17,0.018436452,0
21,0.018436452,0
23,0.018436452,0
29,0.018436452,0
79,0.018436452,0
186,0.018436452,0
188,0.018436452,0
204,0.018436452,0
206,0.018436452,0
250,0.018436452,0
252,0.018436452,0
