rowId,0,label
78,1.934786936,0
162,1.908442844,0
176,1.914546062,0
280,1.921215631,0
306,1.943989253,0
469,1.912431922,0
650,1.921592025,0
677,1.935490477,0
818,1.933235629,1
856,1.932767774,1
858,1.938684554,1
863,1.918538657,1
892,1.922812669,1
932,1.940703716,1
940,1.913796791,1
1032,1.904967352,1
1041,1.943567128,1
1123,1.941125841,1
1224,1.94197009,1
1229,1.931406422,1
1283,1.901678298,1
1331,1.926333892,1
1337,1.929950092,1
