rowId,33,label
93,2.777382389,0
121,2.727354334,1
161,2.772941144,1
238,2.737688768,0
244,2.765040854,0
247,2.786072708,1
256,2.77379523,1
269,2.759660116,1
285,2.748962696,1
305,2.751951995,1
