rowId,30,label
8,3.172579418,1
64,3.152561338,1
76,3.176044086,1
88,3.172299445,1
90,3.136042922,1
144,3.137985236,0
153,3.189115332,1
267,3.144057153,1
268,3.155553551,1
269,3.157933323,1
301,3.137337798,1
