rowId,1,15,25,label
22,3.0,3.059291891,2.988469622,1
130,3.0,2.998118693,3.139995351,0
145,3.0,2.982629045,3.129395433,1
160,3.0,2.977131311,3.115039329,0
197,3.0,2.989021252,3.115353983,1
258,3.0,2.97082637,2.997791257,1
276,3.0,3.014917324,3.073327963,1
284,3.0,3.017317128,3.110398177,1
285,3.0,3.164686941,3.047585305,1
289,3.0,3.067233062,3.116258615,1
