rowId,31,33,label
3,4.954524675,5.0,0
19,4.954524675,5.0,0
21,4.954524675,5.0,0
28,4.954524675,5.0,1
31,4.954524675,5.0,0
78,4.954524675,5.0,1
162,4.954524675,5.0,0
165,4.763627295,4.894959107,1
167,4.954524675,5.0,1
189,4.954524675,5.0,1
196,4.954524675,5.0,0
214,4.954524675,5.0,0
220,4.954524675,5.0,0
228,4.954524675,5.0,0
