rowId,24,28,label
17,0.586424876,0.606390429,0
41,0.586424876,0.606390429,0
45,0.586424876,0.606390429,0
49,0.754079559,0.606390429,0
55,0.586424876,0.606390429,0
95,0.732089792,0.606390429,0
136,0.586424876,0.606390429,0
182,0.586424876,0.606390429,0
186,0.586424876,0.606390429,0
307,0.586424876,0.606390429,1
