rowId,3,label
28,3.089318109,1
42,3.098628657,1
54,3.083949252,1
60,3.120828992,1
65,3.139563357,0
72,3.094754925,1
89,3.182242368,0
108,3.144388532,0
127,3.128938911,1
175,3.165999878,1
203,3.105424678,1
211,3.105424678,1
221,3.195539916,1
239,3.145272014,1
261,3.112809688,1
262,3.121531248,1
268,3.157391585,1
275,3.134398381,1
277,3.119424481,1
284,3.126582957,1
287,3.16980565,1
295,3.155647273,1
330,3.084243746,1
331,3.140469493,1
338,3.149621468,1
346,3.08746053,1
