rowId,18,22,label
102,2.426139793,2.399643895,0
114,2.431600724,2.399594207,0
138,2.433644581,2.397755751,0
143,2.427385268,2.39918014,1
145,2.374564331,2.371056731,1
160,2.387849404,2.430019826,0
168,2.426139793,2.399643895,0
212,2.426139793,2.399643895,0
224,2.426139793,2.399643895,0
230,2.426139793,2.399643895,0
246,2.426139793,2.399643895,0
248,2.426139793,2.399643895,0
