rowId,1,27,3,label
22,3.0,3.086337141,3.060049912,1
86,3.0,3.020958323,3.0020572,1
89,3.0,2.997086692,3.182242368,0
127,3.0,2.999250229,3.128938911,1
211,3.0,3.094282231,3.105424678,1
239,3.0,3.096009424,3.145272014,1
259,3.0,3.146352568,3.021244632,1
270,3.0,3.071265105,3.08100431,1
275,3.0,3.081864619,3.134398381,1
284,3.0,3.099609259,3.126582957,1
288,3.0,3.073555909,2.997481213,1
332,3.0,3.16338815,2.983911824,1
346,3.0,3.128662471,3.08746053,1
