rowId,17,27,label
7,5.0,4.944524585,0
19,5.0,4.944524585,0
31,5.0,4.944524585,0
37,5.0,4.944524585,0
78,5.0,4.944524585,1
81,5.0,4.944524585,0
95,4.92212134,4.730861664,0
162,5.0,4.944524585,0
189,5.0,4.944524585,1
194,5.0,4.944524585,0
216,5.0,4.944524585,0
228,5.0,4.944524585,0
