rowId,10,label
7,0.380315563,0
17,0.380315563,0
37,0.380315563,0
41,0.380315563,0
53,0.380315563,0
59,0.380315563,0
98,0.380315563,0
136,0.380315563,0
166,0.380315563,0
167,0.380315563,1
176,0.380315563,0
187,0.380315563,1
206,0.380315563,0
