rowId,19,7,label
24,2.653913363,2.672260385,1
36,2.770273952,2.713950264,1
48,2.676395616,2.661353038,1
50,2.658980057,2.765664148,1
56,2.706468278,2.642476414,1
116,2.715387972,2.739317528,0
123,2.604787617,2.77079137,1
144,2.630756835,2.620181642,0
161,2.772913257,2.690484104,1
174,2.761681763,2.77079137,0
197,2.745113864,2.571060173,1
238,2.647690768,2.723494193,0
242,2.693098369,2.77079137,0
