rowId,10,18,label
22,3.739041773,3.627001771,1
32,3.724826952,3.627592574,1
91,3.743496105,3.671280024,0
161,3.685714011,3.760555072,1
169,3.773434187,3.623712438,1
245,3.70901496,3.71951825,1
287,3.653788339,3.703854,1
288,3.727240455,3.774638527,1
344,3.601347894,3.648158888,1
349,3.747222837,3.715893597,1
