rowId,15,21,33,label
129,2.788506678,2.933581314,2.881281881,1
143,2.812482907,2.978219528,2.968953751,1
160,2.977131311,2.934990129,2.969081864,0
171,2.844814818,2.769560482,2.969081864,1
211,2.815515387,2.808544136,2.929964751,1
237,2.870776339,2.930377707,2.901288833,1
270,2.808359606,2.938367426,2.890655469,1
293,2.83296851,2.868621422,2.957487654,1
320,2.777467577,2.909091087,2.826705822,1
350,2.821820328,2.800843899,2.837744877,1
