rowId,0,label
26,6.05399375,0
32,5.983569902,0
108,6.038408144,0
155,6.0701566,0
228,6.035521921,0
235,6.05399375,0
304,6.038408144,0
367,6.028594985,0
374,5.993960306,0
403,6.013009379,0
427,6.033212942,0
440,6.073042824,0
465,5.977797455,0
503,6.075351802,0
556,6.086896695,0
579,6.069579356,0
599,6.072465579,0
630,6.013586624,0
659,6.00319622,0
860,6.091514653,0
980,6.032058453,0
1205,6.025131517,0
1232,6.072465579,0
1262,6.007814178,0
1309,6.067270377,0
