rowId,25,33,label
127,2.83173243,2.822008352,1
158,2.937495619,2.822499452,0
199,2.854033556,2.846520604,1
211,2.96121269,2.929964751,1
239,2.953012011,2.86876953,1
249,2.889373171,2.926014606,1
275,2.887485245,2.868918995,1
277,2.844043281,2.927616016,1
294,2.934014756,2.93955186,1
350,2.842764998,2.837744877,1
