rowId,1,15,19,label
99,3.0,3.028988905,3.046283582,1
130,3.0,2.998118693,3.046283582,0
145,3.0,2.982629045,3.075797559,1
149,3.0,2.984810686,3.128699245,1
160,3.0,2.977131311,3.038134488,0
276,3.0,3.014917324,3.000567741,1
284,3.0,3.017317128,3.0734087,1
285,3.0,3.164686941,3.133187989,1
289,3.0,3.067233062,3.097971572,1
335,3.0,2.98635965,3.115233011,1
