rowId,0,label
122,1.33482477,0
123,1.317130714,0
374,1.317834255,0
426,1.311959688,0
606,1.345272354,0
773,1.310904376,1
819,1.308441983,1
830,1.339925442,1
832,1.312030042,1
899,1.339257078,1
901,1.303974498,1
992,1.327472767,1
997,1.34674979,1
1044,1.32314599,1
1069,1.338975662,1
1084,1.326804403,1
1090,1.332854855,1
1119,1.341754649,1
1139,1.311748626,1
1266,1.341684295,1
1313,1.317025183,1
