rowId,0,10,8,label
86,3.347936583,3.300085967,3.292924486,1
99,3.347936583,3.358169749,3.296710979,1
144,3.347936583,3.372828229,3.227982189,0
151,3.347936583,3.278879086,3.371060344,1
207,3.347936583,3.369172482,3.339920384,1
225,3.347936583,3.174459601,3.382656478,1
256,3.347936583,3.263297796,3.236501798,1
261,3.347936583,3.324735638,3.357649848,1
269,3.347936583,3.212312552,3.306473031,1
272,3.347936583,3.294318405,3.27951399,1
294,3.347936583,3.340370166,3.362481571,1
