rowId,2,28,label
16,3.71348663,3.716556977,1
20,3.720619323,3.658802446,1
24,3.720619323,3.612091777,1
28,3.720619323,3.642097738,1
46,3.720619323,3.756894852,1
48,3.683770423,3.706763364,1
103,3.634303687,3.756808029,1
109,3.720619323,3.749723288,1
165,3.720619323,3.602628091,1
169,3.720619323,3.64518863,1
313,3.631390334,3.774155226,1
