rowId,0,15,label
47,3.347936583,3.1819219,0
134,3.347936583,3.352875246,0
150,3.347936583,3.302959313,0
169,3.347936583,3.19885143,1
236,3.347936583,3.345654016,0
251,3.347936583,3.340810774,1
257,3.347936583,3.318034448,1
267,3.347936583,3.278263143,1
288,3.347936583,3.280357518,1
316,3.347936583,3.393126512,1
326,3.347936583,3.176249635,1
