rowId,10,24,label
91,3.743496105,3.679721193,0
119,3.637763391,3.775010182,1
148,3.640691537,3.708902582,0
161,3.685714011,3.692756008,1
194,3.598597211,3.748957841,0
243,3.753948702,3.749701205,1
245,3.70901496,3.646321642,1
257,3.60010565,3.576791107,1
287,3.653788339,3.65213026,1
319,3.709476365,3.762511282,1
344,3.601347894,3.648707325,1
