rowId,19,33,label
19,4.972783407,5.0,0
21,4.972783407,5.0,0
28,4.878365651,5.0,1
77,4.972783407,5.0,0
78,4.972783407,5.0,1
79,4.972783407,5.0,0
162,4.972783407,5.0,0
184,4.972783407,5.0,0
196,4.972783407,5.0,0
206,4.972783407,5.0,0
222,4.972783407,5.0,0
250,4.972783407,5.0,0
