rowId,11,label
5,2.559311305,0
36,2.560240941,1
48,2.59558731,1
101,2.543345821,1
107,2.535181194,1
119,2.55644156,1
120,2.576428729,0
152,2.534251558,0
154,2.553106997,0
240,2.538293453,0
256,2.535888526,1
293,2.571335942,1
