rowId,16,18,28,label
36,3.879681379,3.930035553,3.830017019,1
58,3.852740518,3.970864797,3.880790996,1
140,3.924210656,3.898164153,3.909720355,0
241,3.79193346,3.875713658,3.807582006,1
243,3.773924344,3.854460735,3.828141647,1
303,3.926670122,3.9467377,3.911595728,1
319,3.79518578,3.956893116,3.863930007,1
321,3.897512506,3.931201191,3.872994308,1
347,3.954306752,3.940414516,3.960511696,1
348,3.916508645,3.923648499,3.942469917,1
