rowId,25,label
84,3.195276185,1
113,3.210615584,1
119,3.209927278,1
148,3.216220364,0
203,3.229376849,1
205,3.197832751,1
237,3.218029627,1
273,3.237223541,1
287,3.18365364,1
321,3.18672152,1
322,3.230655132,1
329,3.235925592,1
333,3.209848614,1
348,3.202788557,1
