rowId,17,label
120,2.970683765,0
129,2.98362759,1
140,2.936502406,0
141,2.953754128,1
143,2.989304353,1
156,2.949848838,0
238,2.94777541,0
268,2.938515442,1
320,2.942098647,1
322,2.943044774,1
346,2.964986872,1
