rowId,3,label
60,2.451056923,0
63,2.443056021,0
103,2.454136389,0
119,2.426440227,0
130,2.425207489,0
177,2.454136389,0
190,2.426440227,0
232,2.435055119,0
247,2.427668206,0
268,2.426440227,0
311,2.454136389,0
502,2.452903651,0
520,2.42397951,0
530,2.450442933,0
536,2.431980412,0
618,2.442442031,0
707,2.447363466,0
862,2.467058726,1
869,2.426440227,1
955,2.431980412,1
962,2.463984019,1
975,2.454136389,1
1138,2.43382714,1
1190,2.457211096,1
1235,2.426440227,1
