rowId,2,label
9,1.148630743,0
10,1.16215733,0
38,1.18721516,0
57,1.156380108,0
316,1.151414946,0
333,1.158189841,0
435,1.172899715,0
485,1.149233987,0
507,1.183038855,0
521,1.17707602,0
546,1.15777221,0
890,1.149025171,1
933,1.161368473,1
951,1.169117839,1
994,1.16612482,1
1012,1.152227005,1
1039,1.142087865,1
1055,1.176867204,1
1073,1.146055355,1
1116,1.154407964,1
1216,1.162366146,1
1277,1.148445129,1
