rowId,24,label
17,0.586424876,0
19,0.586424876,0
23,0.586424876,0
41,0.586424876,0
45,0.586424876,0
55,0.586424876,0
100,0.586424876,0
124,0.586424876,0
136,0.586424876,0
170,0.586424876,0
182,0.586424876,0
186,0.586424876,0
192,0.586424876,0
210,0.586424876,0
307,0.586424876,1
308,0.603919879,1
