rowId,10,12,label
6,3.570504749,3.613078287,1
22,3.739041773,3.693841902,1
32,3.724826952,3.726291998,1
39,3.77050604,3.777611047,0
40,3.694853378,3.568863222,1
90,3.762023288,3.725070499,1
125,3.752528994,3.608449448,1
161,3.685714011,3.771005307,1
217,3.58564238,3.580869276,1
245,3.70901496,3.731145851,1
287,3.653788339,3.694468724,1
344,3.601347894,3.691366758,1
346,3.741313305,3.660845344,1
