rowId,4,label
92,3.081583474,1
103,3.061770505,1
139,3.09152843,1
151,3.062059043,1
165,3.050748339,1
211,3.067887519,1
251,3.076793737,1
266,3.073639051,1
273,3.019566958,1
314,3.076120481,1
323,3.049017109,1
337,3.077409285,1
