rowId,1,20,label
6,3.0,3.043527873,1
42,3.0,3.06812496,1
63,3.0,2.983691361,0
82,3.0,3.102216522,1
94,3.0,3.021406893,1
122,3.0,3.189700159,0
123,3.0,2.994481283,1
137,3.0,2.967162119,1
165,3.0,3.026637874,1
183,3.0,3.11210455,1
211,3.0,3.044183796,1
223,3.0,3.173416888,1
260,3.0,3.139456511,1
277,3.0,3.02101334,1
286,3.0,2.98631505,1
340,3.0,3.005615564,1
