rowId,14,18,label
32,3.730668687,3.627592574,1
33,3.755330625,3.715686017,0
155,3.776729835,3.689387322,1
161,3.672858651,3.760555072,1
259,3.709560518,3.670577448,1
287,3.739308024,3.703854,1
291,3.71037237,3.728204643,1
318,3.659057156,3.767964055,1
342,3.746063251,3.676788858,1
344,3.726057976,3.648158888,1
