rowId,5,label
16,2.721687969,1
36,2.722273894,1
101,2.680326031,1
119,2.694388222,1
127,2.706887947,1
131,2.695581772,1
141,2.720906736,1
147,2.689852731,1
160,2.730151325,0
241,2.695017548,1
269,2.6986199,1
270,2.738050457,1
322,2.710034579,1
329,2.688962994,1
343,2.695928987,1
347,2.689418713,1
349,2.705347182,1
