rowId,19,29,label
25,1.119783757,1.086333716,0
27,1.119783757,1.086333716,0
29,1.119783757,1.086333716,0
41,1.119783757,1.086333716,0
43,1.119783757,1.086333716,0
71,1.119783757,1.086333716,0
81,1.119783757,1.086333716,0
110,1.119783757,1.220553158,0
188,1.119783757,1.086333716,0
202,1.119783757,1.086333716,0
220,1.119783757,1.086333716,0
228,1.119783757,1.086333716,0
