rowId,5,label
11,0.578419109,0
17,0.578419109,0
25,0.578419109,0
37,0.578419109,0
51,0.578419109,0
57,0.578419109,0
63,0.578419109,0
67,0.578419109,0
69,0.578419109,0
77,0.578419109,0
79,0.578419109,0
132,0.578419109,0
134,0.578419109,0
142,0.578419109,0
166,0.578419109,0
182,0.578419109,0
188,0.578419109,0
194,0.578419109,0
198,0.578419109,0
210,0.578419109,0
214,0.578419109,0
218,0.578419109,0
232,0.578419109,0
