rowId,22,24,28,label
36,3.970033186,3.861880133,3.830017019,1
58,3.903269074,3.899878173,3.880790996,1
107,3.854442331,3.929284299,3.980220473,1
205,3.861050836,3.789704602,3.97716431,1
303,3.936907851,3.906482018,3.911595728,1
313,3.848744774,3.797432137,3.774155226,1
321,3.86896779,3.859079549,3.872994308,1
347,3.942025715,3.94919956,3.960511696,1
348,3.88150573,3.940002582,3.942469917,1
349,3.925976491,3.889211753,3.783809922,1
