rowId,17,21,label
19,5.0,4.913873776,0
31,5.0,4.913873776,0
37,5.0,4.913873776,0
67,5.0,4.913873776,0
69,5.0,4.913873776,0
78,5.0,4.913873776,1
81,5.0,4.913873776,0
162,5.0,4.913873776,0
189,5.0,4.759502364,1
216,5.0,4.913873776,0
