rowId,10,30,label
20,3.929584263,3.790865124,1
33,3.929584263,3.890395579,0
36,3.891234415,3.849117038,1
54,3.835830331,3.852161746,1
103,3.787666754,3.942173113,1
107,3.867188119,3.787452951,1
126,3.881864346,3.918760359,0
203,3.848927132,3.894385196,1
289,3.855794967,3.965165908,1
303,3.834481608,3.992848254,1
304,3.783727066,3.877306834,1
313,3.795439653,3.794119812,1
321,3.774960372,3.91123608,1
332,3.841402682,3.796272105,1
