rowId,2,label
86,3.423719267,0
123,3.333859106,0
230,3.318545988,0
233,3.389125541,0
241,3.42471694,0
280,3.468452134,0
322,3.476595928,0
401,3.478196845,0
418,3.301655154,0
421,3.462489298,0
478,3.33007723,0
480,3.343998246,0
537,3.475598256,0
561,3.454345504,0
667,3.467245646,0
721,3.319752476,0
764,3.50701335,1
825,3.414368985,1
908,3.319752476,1
909,3.466665603,1
947,3.332281391,1
1030,3.457524136,1
1031,3.479983376,1
1191,3.425505798,1
1252,3.423719267,1
1274,3.28256016,1
