rowId,30,8,label
20,3.790865124,3.962699854,1
33,3.890395579,3.956960951,0
36,3.849117038,3.962699854,1
54,3.852161746,3.885727554,1
103,3.942173113,3.904048658,1
107,3.787452951,3.944181538,1
171,3.938568459,3.962699854,1
203,3.894385196,3.962699854,1
303,3.992848254,3.881408586,1
304,3.877306834,3.93568165,1
319,3.873982153,3.820016126,1
321,3.91123608,3.822106585,1
346,3.8995647,3.774183785,1
