rowId,16,20,label
2,3.737517776,3.61029394,1
32,3.6874547,3.604849785,1
44,3.756077035,3.743593751,1
76,3.707810017,3.749890605,1
84,3.652973635,3.738379169,1
86,3.627586122,3.691661102,1
155,3.678037534,3.693497685,1
169,3.595532161,3.677739151,1
171,3.640482137,3.723292956,1
207,3.74457256,3.63756391,1
245,3.722663896,3.708190344,1
259,3.686500039,3.7001225,1
287,3.592910888,3.773864565,1
292,3.646210104,3.746496207,1
344,3.721369441,3.710190908,1
