rowId,29,3,label
140,2.924203013,2.819833226,0
155,2.956015659,2.874926302,1
158,2.924301444,2.915022825,0
161,2.928494571,2.901181596,1
237,2.789333932,2.827558036,1
241,2.801736139,2.880068625,1
243,2.798015477,2.936430291,1
254,2.83033996,2.956569167,1
274,2.921151677,2.884825839,1
303,2.907706109,2.864800231,1
320,2.93083721,2.872774229,1
