rowId,0,3,label
606,2.162491495,1.646054817,0
806,1.746480673,1.049057122,1
807,1.743617261,1.577706839,1
812,1.724692009,1.052103271,1
817,1.719007398,1.11059886,1
832,1.674772258,1.09151283,1
861,1.599968262,1.069951803,1
875,1.573061337,1.09151283,1
886,1.549439949,1.168428103,1
941,1.397439918,1.902074158,1
1002,1.262184163,1.509406457,1
1012,1.24719874,1.449102217,1
1013,1.247163563,1.521115093,1
1024,1.228941851,1.503885311,1
