rowId,1,14,label
4,3.0,2.999679632,1
120,3.0,3.029840723,0
174,3.0,3.029840723,0
180,3.0,3.010294988,0
225,3.0,2.958474281,1
271,3.0,3.167656539,1
278,3.0,3.133482138,1
286,3.0,3.158251302,1
323,3.0,3.076254186,1
345,3.0,3.073405042,1
