rowId,2,20,4,label
2,3.720619323,3.61029394,3.767381501,1
8,3.647383641,3.683412879,3.767381501,1
10,3.720619323,3.60632561,3.767381501,1
44,3.701029532,3.743593751,3.763399671,1
74,3.720619323,3.770289789,3.767381501,1
76,3.720619323,3.749890605,3.767381501,1
78,3.720619323,3.669015385,3.767381501,1
169,3.720619323,3.677739151,3.767381501,1
171,3.720619323,3.723292956,3.767381501,1
201,3.720619323,3.570479456,3.767381501,1
