rowId,1,16,label
92,3.0,3.008108143,1
106,3.0,2.973950692,0
108,3.0,2.983286954,0
118,3.0,3.133233471,0
123,3.0,3.089885384,1
131,3.0,2.973950692,1
181,3.0,3.145611704,1
183,3.0,2.984775578,1
194,3.0,3.148362423,0
198,3.0,3.169720943,0
213,3.0,3.075436022,1
219,3.0,3.055566126,1
235,3.0,3.179024843,1
269,3.0,3.016247033,1
271,3.0,3.065905592,1
277,3.0,3.14388037,1
343,3.0,3.065954134,1
