rowId,18,24,label
84,3.479620498,3.445526722,1
99,3.441888975,3.47372272,1
151,3.490654133,3.410052664,1
179,3.514030752,3.474016608,1
239,3.522796983,3.546970079,1
256,3.498334566,3.455207751,1
257,3.400628606,3.576791107,1
272,3.440244309,3.433079684,1
289,3.560257056,3.555804018,1
294,3.442256231,3.476799904,1
