rowId,30,6,label
20,3.790865124,3.913227413,1
33,3.890395579,3.873016617,0
36,3.849117038,3.913227413,1
50,3.861120886,3.779685352,1
54,3.852161746,3.855681928,1
103,3.942173113,3.839443343,1
235,3.914123303,3.913227413,1
241,3.930431739,3.793569342,1
303,3.992848254,3.811614469,1
304,3.877306834,3.843705972,1
313,3.794119812,3.81137089,1
