rowId,12,label
10,3.902493292,1
12,3.894505329,1
46,3.909597276,1
48,3.878079376,1
54,3.889699693,1
58,3.894151737,1
126,3.895935769,0
127,3.930587779,1
141,3.893380263,1
197,3.93283791,1
205,3.915785135,1
231,3.918260278,1
270,3.901753964,1
289,3.92963951,1
303,3.917617384,1
322,3.928851964,1
333,3.917376298,1
334,3.936422046,1
335,3.898330551,1
341,3.929109122,1
