rowId,4,label
34,3.234816591,1
233,3.218042893,1
239,3.203654446,1
257,3.205154845,1
268,3.190670218,1
286,3.232065858,1
291,3.187765599,1
296,3.231181007,1
309,3.230950176,1
311,3.228314859,1
324,3.229045823,1
343,3.178513134,1
