rowId,1,13,label
16,3.0,3.020300829,1
87,3.0,3.004397747,0
93,3.0,2.992657353,0
117,3.0,2.98170504,1
123,3.0,3.021735541,1
145,3.0,3.017108088,1
146,3.0,3.000679619,0
147,3.0,2.986009178,1
163,3.0,3.028828275,1
165,3.0,3.048974873,1
340,3.0,2.996335067,1
