rowId,2,label
38,3.544632672,1
42,3.538424215,1
82,3.565448081,1
114,3.546882986,0
177,3.553191904,1
183,3.564845318,1
205,3.543326686,1
217,3.573083077,1
219,3.59076412,1
225,3.566070936,1
265,3.555201113,1
297,3.582928203,1
300,3.577362693,1
311,3.568642724,1
349,3.531914376,1
