rowId,15,label
114,2.770573594,0
115,2.7409251,1
129,2.788506678,1
136,2.787786737,0
152,2.77168623,0
154,2.74450299,0
156,2.773235195,0
203,2.74565926,1
244,2.728467933,0
247,2.765490371,1
290,2.760908926,1
295,2.772253457,1
303,2.760014454,1
317,2.76197793,1
320,2.777467577,1
349,2.745986506,1
