rowId,24,label
33,3.447393777,0
44,3.495608761,1
74,3.467274463,1
76,3.47477726,1
84,3.445526722,1
99,3.47372272,1
171,3.467689364,1
179,3.474016608,1
256,3.455207751,1
272,3.433079684,1
275,3.467689364,1
285,3.436277881,1
294,3.476799904,1
318,3.462848849,1
