rowId,8,label
38,3.836128442,1
40,3.825656422,1
62,3.800176481,1
148,3.794536184,0
149,3.825597258,1
195,3.827076357,1
205,3.788678953,1
319,3.820016126,1
321,3.822106585,1
330,3.822836274,1
346,3.774183785,1
