rowId,32,label
2,3.403866741,1
84,3.409912698,1
99,3.430843952,1
207,3.43013604,1
233,3.376832132,1
234,3.412993075,0
268,3.40620094,1
295,3.409109121,1
318,3.390186808,1
336,3.40847774,1
