rowId,2,label
2,2.12217383,0
105,2.139064663,0
185,2.123751545,0
228,2.122568259,0
245,2.142452111,0
324,2.122962687,0
355,2.113032362,0
386,2.124749218,0
431,2.140062336,0
463,2.118391954,0
466,2.125538075,0
469,2.142846539,0
475,2.142846539,0
479,2.125352462,0
501,2.142243295,0
510,2.114424464,0
549,2.128322279,0
601,2.105259795,0
641,2.111037017,0
714,2.147208458,0
757,2.130920869,0
788,2.137463746,1
849,2.104285324,1
944,2.12792785,1
1127,2.124354789,1
1151,2.135886031,1
1205,2.139064663,1
