rowId,1,3,31,label
22,3.0,3.060049912,3.007094904,1
86,3.0,3.0020572,3.080871951,1
108,3.0,3.144388532,3.007386974,0
211,3.0,3.105424678,3.007386974,1
259,3.0,3.021244632,3.030557913,1
277,3.0,3.119424481,3.007386974,1
284,3.0,3.126582957,2.988928109,1
287,3.0,3.16980565,3.145439037,1
331,3.0,3.140469493,3.139792338,1
332,3.0,2.983911824,3.052326913,1
