rowId,28,label
54,3.941410679,1
101,3.985516664,1
107,3.980220473,1
121,3.981019243,1
197,3.925886761,1
205,3.97716431,1
302,3.96589471,1
322,3.986940558,1
347,3.960511696,1
348,3.942469917,1
