rowId,21,label
43,2.918508921,0
129,2.933581314,1
141,2.888055353,1
151,2.919666851,1
160,2.934990129,0
237,2.930377707,1
244,2.906794525,0
247,2.918817702,1
260,2.93363921,1
302,2.882632379,1
320,2.909091087,1
