rowId,21,7,label
22,2.831432559,2.94962962,1
127,2.80481946,2.81985523,1
141,2.888055353,2.794103904,1
146,2.803063266,2.890810597,0
151,2.919666851,2.89881828,1
160,2.934990129,2.79245244,0
171,2.769560482,2.984156751,1
239,2.958090839,2.803014132,1
245,2.821319968,2.784502366,1
260,2.93363921,2.896033833,1
293,2.868621422,2.849063109,1
312,2.788917217,2.797157193,1
350,2.800843899,2.92940878,1
