rowId,25,31,label
3,4.923593796,4.954524675,0
7,5.0,4.954524675,0
19,5.0,4.954524675,0
28,5.0,4.954524675,1
29,5.0,4.954524675,0
53,5.0,4.954524675,0
78,5.0,4.954524675,1
164,5.0,4.954524675,0
189,5.0,4.954524675,1
196,5.0,4.954524675,0
202,5.0,4.954524675,0
216,5.0,4.954524675,0
