rowId,3,label
73,3.780450783,0
135,3.765635458,1
159,3.773314961,1
163,3.788673968,1
199,3.76631506,1
227,3.763438077,1
251,3.76092355,1
255,3.785706373,1
311,3.735936846,1
325,3.758431675,1
336,3.731406166,1
