rowId,17,label
13,0.994244277,0
17,0.994244277,0
21,0.994244277,0
23,0.994244277,0
25,0.994244277,0
27,0.994244277,0
41,0.994244277,0
45,0.994244277,0
51,0.994244277,0
57,0.994244277,0
63,0.994244277,0
71,0.994244277,0
77,0.994244277,0
108,0.994244277,0
132,0.994244277,0
134,0.994244277,0
164,0.994244277,0
182,0.994244277,0
186,0.994244277,0
200,0.994244277,0
202,0.994244277,0
204,0.994244277,0
206,0.994244277,0
214,0.994244277,0
222,0.994244277,0
226,0.994244277,0
