rowId,1,2,label
18,3.0,3.058886207,1
33,3.0,3.143031897,0
35,3.0,3.040722954,0
63,3.0,2.993606993,0
73,3.0,3.106685298,0
83,3.0,3.081650549,0
86,3.0,3.068570596,1
87,3.0,3.172647643,0
92,3.0,3.135336625,1
110,3.0,3.035659746,0
131,3.0,2.999755174,1
144,3.0,2.972088361,0
155,3.0,3.166358818,1
191,3.0,3.016331152,1
234,3.0,3.092319451,0
259,3.0,3.084041509,1
272,3.0,2.987458813,1
274,3.0,3.148416578,1
275,3.0,3.080645945,1
339,3.0,3.034373852,1
345,3.0,3.050889553,1
