rowId,12,label
64,3.40778602,1
86,3.429322984,1
144,3.427313939,0
219,3.404700127,1
256,3.433116061,1
269,3.436844849,1
274,3.396101414,1
285,3.41622401,1
295,3.382166677,1
305,3.390990403,1
