rowId,33,7,label
121,2.727354334,2.662101958,1
130,2.634365783,2.666998742,0
161,2.772941144,2.690484104,1
197,2.718898889,2.571060173,1
238,2.737688768,2.723494193,0
241,2.609789474,2.735803365,1
244,2.765040854,2.732385217,0
256,2.77379523,2.627517217,1
269,2.759660116,2.707440421,1
285,2.748962696,2.759960835,1
302,2.56766171,2.624175882,1
349,2.622259122,2.700776953,1
