rowId,24,label
12,3.768717513,1
20,3.730581172,1
24,3.783446508,1
47,3.765121702,0
86,3.782997031,1
119,3.775010182,1
177,3.755803711,1
194,3.748957841,0
195,3.7767908,1
233,3.767904998,1
243,3.749701205,1
292,3.783342782,1
293,3.785555589,1
319,3.762511282,1
