rowId,11,label
20,2.462891908,1
24,2.449695122,1
33,2.465357464,0
105,2.482474888,1
114,2.47970619,0
144,2.448906953,0
171,2.462123948,1
241,2.465741444,1
260,2.431850157,1
306,2.462123948,1
342,2.449533447,1
343,2.475138849,1
