rowId,28,32,label
12,3.484097597,3.569977482,1
60,3.43271586,3.369561678,1
99,3.483819764,3.430843952,1
117,3.511012666,3.457342844,1
151,3.384720213,3.543306396,1
234,3.576945905,3.412993075,0
237,3.414344154,3.527368795,1
239,3.442214275,3.57927601,1
259,3.423530007,3.563854995,1
294,3.386092013,3.499951531,1
295,3.382410726,3.409109121,1
318,3.408075548,3.390186808,1
344,3.491703274,3.553905952,1
