rowId,0,label
230,1.37643922,0
236,1.38048458,0
241,1.357373259,0
529,1.358991403,0
543,1.347312623,0
606,1.345272354,0
656,1.368594737,0
762,1.355966177,1
839,1.375559793,1
889,1.387801406,1
907,1.358217508,1
922,1.348825236,1
964,1.351217275,1
997,1.34674979,1
1072,1.366906239,1
1082,1.356845603,1
1144,1.355121928,1
1228,1.375559793,1
1289,1.3516394,1
1328,1.356071708,1
1368,1.358921049,1
