rowId,5,label
4,2.890238952,1
18,2.857687584,1
22,2.841737414,1
39,2.853998429,0
85,2.842431843,0
92,2.842865861,1
116,2.855235381,0
154,2.848291089,0
238,2.876784386,0
276,2.836789606,1
277,2.874918108,1
286,2.879996121,1
321,2.868841853,1
327,2.882144512,1
