rowId,13,31,label
122,2.811236938,2.914664277,0
129,2.785553562,2.932324816,1
158,2.968449104,2.864798081,0
195,2.976370334,2.808895757,1
203,2.903078749,2.830372686,1
239,2.80671052,2.90720674,1
270,2.782219371,2.939938124,1
275,2.911020187,2.867971915,1
285,2.940381276,2.76948569,1
303,2.775530781,2.866336319,1
342,2.912859044,2.925217763,1
346,2.947090073,2.798770641,1
349,2.782219371,2.934233011,1
350,2.804144204,2.877357119,1
