rowId,17,label
2,2.73262207,1
48,2.774110752,1
91,2.778921909,0
107,2.746049023,1
115,2.767628774,1
130,2.778780997,0
144,2.770447025,0
199,2.744096378,1
251,2.754866123,1
259,2.756718117,1
277,2.792288471,1
295,2.735017583,1
