rowId,18,24,label
38,3.763333441,3.62479864,1
60,3.761928289,3.632370588,1
91,3.671280024,3.679721193,0
155,3.689387322,3.570446575,1
161,3.760555072,3.692756008,1
245,3.71951825,3.646321642,1
259,3.670577448,3.69182248,1
287,3.703854,3.65213026,1
342,3.676788858,3.602255671,1
344,3.648158888,3.648707325,1
