rowId,2,label
124,1.949599629,0
170,1.963915074,0
218,1.955562464,0
226,1.963915074,0
238,1.947024241,0
332,1.975260702,0
369,1.944448852,0
405,1.962337359,0
483,1.972662113,0
498,1.963915074,0
647,1.979622621,0
648,1.952778261,0
659,1.983798926,0
668,1.963915074,0
686,1.953195891,0
691,1.963915074,0
767,1.985399843,1
800,1.958555483,1
828,1.972662113,1
846,1.982221211,1
968,1.965121562,1
983,1.944448852,1
1133,1.985005414,1
1334,1.973056541,1
