rowId,7,label
36,2.713950264,1
101,2.704809599,1
138,2.685452898,0
156,2.732442826,0
161,2.690484104,1
238,2.723494193,0
241,2.735803365,1
244,2.732385217,0
247,2.690983384,1
269,2.707440421,1
276,2.686163412,1
343,2.702159575,1
347,2.733921463,1
348,2.704905615,1
349,2.700776953,1
