rowId,2,label
13,2.266488368,0
99,2.264910652,0
101,2.288553179,0
151,2.29651136,0
165,2.275235406,0
237,2.285977791,0
303,2.266302754,0
377,2.291546197,0
388,2.276627508,0
456,2.290362911,0
523,2.269086957,0
590,2.296905789,0
652,2.278414038,0
663,2.290362911,0
684,2.289156423,0
689,2.27583865,0
853,2.28419126,1
875,2.264516224,1
975,2.303077439,1
1005,2.280014955,1
1188,2.303471868,1
1241,2.306464887,1
1280,2.28994528,1
1302,2.303866297,1
1310,2.286581035,1
1371,2.298506705,1
