rowId,19,label
85,2.823445347,0
101,2.818706158,1
157,2.822039002,1
171,2.832230186,1
175,2.819630878,1
245,2.817858498,1
275,2.836988641,1
294,2.817839233,1
302,2.810788243,1
324,2.783277826,1
349,2.797225685,1
