rowId,1,label
102,1.587486141,0
141,1.613224563,0
280,1.593832998,0
464,1.597005575,0
508,1.611462777,0
559,1.629443551,0
640,1.596654581,0
767,1.620276815,1
782,1.606526712,1
785,1.621334909,1
883,1.616749837,1
950,1.589955026,1
1133,1.588191537,1
1194,1.604057827,1
1209,1.587135147,1
1270,1.616398843,1
1273,1.598063668,1
1310,1.586429751,1
1312,1.61957142,1
1316,1.606174014,1
1331,1.583608169,1
1334,1.619218722,1
1357,1.605821316,1
