rowId,28,label
2,3.09125913,1
18,3.097041528,1
39,3.097875027,0
87,3.076898637,0
159,3.133298732,1
174,3.092683024,0
227,3.093464429,1
247,3.091554327,1
336,3.11676767,1
339,3.12746424,1
