rowId,8,label
65,3.310673671,0
86,3.292924486,1
87,3.299353635,0
99,3.296710979,1
116,3.283773795,0
118,3.305329194,0
207,3.339920384,1
233,3.332899596,1
269,3.306473031,1
272,3.27951399,1
