rowId,1,29,label
22,3.0,3.030310786,1
65,3.0,3.0166093,0
85,3.0,3.003518081,0
116,3.0,2.99038749,0
129,3.0,3.006156011,1
147,3.0,2.991096188,1
160,3.0,3.024404973,0
198,3.0,3.022022961,0
273,3.0,2.984147015,1
284,3.0,3.030330472,1
289,3.0,3.033814901,1
291,3.0,3.014148544,1
293,3.0,2.990741839,1
295,3.0,2.998202849,1
305,3.0,2.988202339,1
313,3.0,3.018184183,1
323,3.0,2.995289315,1
331,3.0,2.985131317,1
