rowId,3,label
8,2.736423396,1
9,2.707857454,0
26,2.702080837,1
91,2.705116393,0
115,2.68373158,1
119,2.738394242,1
144,2.721811951,0
179,2.714109794,1
191,2.72061132,1
194,2.68373158,0
205,2.699588962,1
235,2.723284422,1
293,2.714812049,1
342,2.727951023,1
