rowId,3,label
55,3.132385361,0
152,3.1428565,0
198,3.110205585,0
253,3.122532971,0
272,3.105921938,0
274,3.111443084,0
342,3.129910365,0
363,3.144665151,0
387,3.137906507,0
398,3.138525256,0
590,3.144046402,0
613,3.1428565,0
632,3.118201728,0
720,3.128672866,0
750,3.108349338,0
760,3.13605026,0
778,3.105921938,1
965,3.136669009,1
1022,3.130529114,1
1098,3.123151721,1
1127,3.107778185,1
1255,3.141619002,1
1315,3.120676724,1
1331,3.139144005,1
1342,3.144046402,1
1371,3.13605026,1
