rowId,13,label
34,2.558101101,1
56,2.553837378,1
86,2.529103741,1
105,2.558788146,1
142,2.586714523,0
144,2.533892852,0
167,2.586714523,1
235,2.557009911,1
247,2.569801081,1
292,2.575277237,1
