rowId,28,label
17,0.606390429,0
21,0.606390429,0
27,0.606390429,0
37,0.606390429,0
41,0.606390429,0
45,0.606390429,0
49,0.606390429,0
51,0.606390429,0
53,0.606390429,0
55,0.606390429,0
59,0.606390429,0
61,0.606390429,0
71,0.606390429,0
77,0.606390429,0
89,0.606390429,0
95,0.606390429,0
98,0.606390429,0
136,0.606390429,0
172,0.606390429,0
182,0.606390429,0
186,0.606390429,0
307,0.606390429,1
