rowId,11,label
7,0.665724081,0
15,0.665724081,0
19,0.665724081,0
25,0.665724081,0
29,0.665724081,0
31,0.665724081,0
35,0.665724081,0
37,0.665724081,0
53,0.665724081,0
80,0.665724081,1
162,0.665724081,0
170,0.665724081,0
182,0.665724081,0
188,0.665724081,0
206,0.665724081,0
210,0.665724081,0
216,0.665724081,0
222,0.665724081,0
