rowId,28,label
36,3.830017019,1
56,3.782715955,1
70,3.829443989,1
148,3.810082503,0
241,3.807582006,1
243,3.828141647,1
287,3.835139565,1
293,3.83394141,1
326,3.835799418,1
349,3.783809922,1
