rowId,21,25,label
3,4.913873776,4.923593796,0
19,4.913873776,5.0,0
28,4.913873776,5.0,1
69,4.913873776,5.0,0
78,4.913873776,5.0,1
164,4.913873776,5.0,0
184,4.913873776,5.0,0
189,4.759502364,5.0,1
196,4.913873776,5.0,0
200,4.913873776,5.0,0
210,4.913873776,5.0,0
216,4.913873776,5.0,0
