rowId,14,18,30,label
102,2.472817903,2.426139793,2.383160124,0
114,2.494278386,2.431600724,2.383160124,0
138,2.448523596,2.433644581,2.383160124,0
143,2.484168522,2.427385268,2.382950144,1
145,2.416371168,2.374564331,2.381602774,1
168,2.472817903,2.426139793,2.383160124,0
178,2.472817903,2.426139793,2.428025821,0
212,2.472817903,2.426139793,2.383160124,0
230,2.472817903,2.426139793,2.383160124,0
240,2.472817903,2.426139793,2.493907003,0
248,2.472817903,2.426139793,2.383160124,0
