rowId,10,14,label
6,3.570504749,3.615967694,1
32,3.724826952,3.730668687,1
39,3.77050604,3.730071286,0
40,3.694853378,3.691439354,1
90,3.762023288,3.666042153,1
125,3.752528994,3.579602823,1
161,3.685714011,3.672858651,1
171,3.732404641,3.664219314,1
234,3.695137319,3.635758517,0
287,3.653788339,3.739308024,1
344,3.601347894,3.726057976,1
346,3.741313305,3.687640497,1
