rowId,18,label
40,3.34617897,1
106,3.321892196,0
118,3.300559436,0
144,3.302794905,0
167,3.313237738,1
217,3.278683775,1
247,3.309549214,1
267,3.293262226,1
276,3.335480654,1
305,3.319241569,1
