rowId,30,32,label
12,3.585539815,3.569977482,1
16,3.732665705,3.688868538,1
38,3.624228605,3.580136985,1
46,3.746611868,3.768728735,1
48,3.728973559,3.753575578,1
56,3.756410928,3.74724263,1
70,3.684842792,3.699429829,1
169,3.601655769,3.622898734,1
177,3.622618759,3.686802198,1
239,3.76306029,3.57927601,1
292,3.653730775,3.590832205,1
