rowId,28,30,label
36,3.830017019,3.849117038,1
54,3.941410679,3.852161746,1
107,3.980220473,3.787452951,1
241,3.807582006,3.930431739,1
243,3.828141647,3.844689962,1
245,3.776655723,3.808030978,1
303,3.911595728,3.992848254,1
313,3.774155226,3.794119812,1
319,3.863930007,3.873982153,1
321,3.872994308,3.91123608,1
326,3.835799418,3.934456353,1
337,3.895498779,3.92114013,1
