rowId,21,label
16,3.212295146,1
26,3.197299948,1
38,3.212661824,1
92,3.210538952,1
99,3.203128197,1
117,3.227309643,1
131,3.219339222,1
140,3.210152975,0
205,3.211040721,1
256,3.179062545,1
273,3.257203544,1
304,3.182266153,1
