rowId,21,29,label
27,1.054105986,1.086333716,0
29,1.054105986,1.086333716,0
41,1.054105986,1.086333716,0
52,1.054105986,1.086333716,1
53,1.054105986,1.086333716,0
98,1.054105986,1.086333716,0
109,1.054105986,1.086333716,1
110,1.054105986,1.220553158,0
187,1.19815252,1.086333716,1
202,1.054105986,1.086333716,0
206,1.054105986,1.086333716,0
220,1.054105986,1.086333716,0
228,1.054105986,1.086333716,0
