rowId,17,label
80,3.105818905,1
119,3.114636005,1
148,3.100907096,0
149,3.104168215,1
177,3.091163999,1
233,3.121862806,1
257,3.129391562,1
269,3.098471322,1
271,3.131807206,1
284,3.089754874,1
289,3.082890419,1
323,3.099095363,1
341,3.122285544,1
342,3.142254866,1
