rowId,15,19,label
2,2.851337923,2.881760497,1
66,2.940457935,2.879294577,1
86,2.795422478,2.893608471,1
94,2.930007878,2.964522929,1
161,2.921390398,2.772913257,1
171,2.844814818,2.832230186,1
233,2.955162192,2.95647016,1
245,2.85105431,2.817858498,1
259,2.859497258,2.978162548,1
270,2.808359606,2.875826877,1
273,2.864427766,2.903414355,1
274,2.802447361,2.85301712,1
294,2.935352897,2.817839233,1
