rowId,20,28,label
54,3.947126443,3.941410679,1
107,3.921676657,3.980220473,1
161,3.892963658,3.873098495,1
241,3.890848309,3.807582006,1
243,3.897768289,3.828141647,1
287,3.773864565,3.835139565,1
293,3.864890184,3.83394141,1
319,3.90890257,3.863930007,1
321,3.931827055,3.872994308,1
329,3.937713958,3.920486383,1
347,3.96749283,3.960511696,1
348,3.946765685,3.942469917,1
349,3.902868085,3.783809922,1
