rowId,1,23,label
22,3.0,2.996427676,1
92,3.0,3.035938057,1
107,3.0,2.997318745,1
127,3.0,3.008011573,1
129,3.0,3.018893991,1
178,3.0,2.984256052,0
195,3.0,3.039805675,1
245,3.0,3.014040509,1
282,3.0,3.027615092,1
303,3.0,3.025093557,1
304,3.0,3.009281821,1
320,3.0,3.013301111,1
342,3.0,2.994854086,1
