rowId,0,label
76,3.181866104,0
89,3.185102393,0
127,3.177750389,0
258,3.164453465,0
260,3.174689986,0
321,3.161357884,0
389,3.183519425,0
393,3.178207691,0
412,3.17595636,0
415,3.184961685,0
450,3.146231753,0
552,3.145246796,0
603,3.171312989,0
623,3.175639766,0
629,3.169026481,0
632,3.146900117,0
647,3.176800609,0
663,3.177046848,0
682,3.160267396,0
702,3.167337983,0
704,3.149749458,0
