rowId,4,label
0,3.48351744,1
97,3.434273556,1
107,3.461184569,1
126,3.436697279,0
177,3.446776886,1
207,3.455394566,1
245,3.481593851,1
259,3.475053648,1
267,3.487114552,1
293,3.448527352,1
308,3.450951075,1
318,3.446372933,1
