rowId,22,label
46,3.855071713,1
65,3.875874423,0
78,3.884437322,1
107,3.854442331,1
126,3.835130261,0
205,3.861050836,1
243,3.872180948,1
292,3.88008134,1
305,3.831337411,1
313,3.848744774,1
319,3.864280556,1
321,3.86896779,1
348,3.88150573,1
