rowId,0,label
71,3.3028048,0
85,3.264919118,0
88,3.296613639,0
91,3.276738606,0
121,3.279587947,0
171,3.273924443,0
196,3.305654141,0
255,3.304634007,0
276,3.272798777,0
281,3.278427105,0
292,3.301960551,0
342,3.26607996,0
346,3.288698803,0
438,3.272939485,0
545,3.291020489,0
557,3.268753416,0
560,3.270195675,0
563,3.296543285,0
582,3.273924443,0
625,3.287854554,0
685,3.279658302,0
713,3.288347033,0
718,3.287291721,0
750,3.269351426,0
