rowId,3,label
1,1.871279491,0
92,1.884844375,0
244,1.874991986,0
289,1.878656884,0
419,1.886700623,0
459,1.906357806,0
460,1.86947084,0
687,1.874991986,0
722,1.866377094,0
821,1.882988128,1
882,1.874991986,1
986,1.902692907,1
1021,1.902074158,1
1067,1.870041993,1
1238,1.879275634,1
1239,1.8626646,1
1295,1.879894383,1
1306,1.892221769,1
1336,1.895315514,1
1352,1.888509274,1
