rowId,5,label
5,2.4892061,0
12,2.527833723,1
20,2.535103529,1
32,2.508563314,1
86,2.519218461,1
107,2.50300788,1
123,2.522451897,1
143,2.524014363,1
179,2.502725768,1
247,2.539964533,1
268,2.484974422,1
