rowId,30,label
17,0.633327935,0
21,0.633327935,0
23,0.633327935,0
29,0.633327935,0
53,0.633327935,0
55,0.633327935,0
77,0.633327935,0
95,0.633327935,0
140,0.633327935,0
162,0.633327935,0
166,0.633327935,0
170,0.633327935,0
182,0.633327935,0
186,0.633327935,0
194,0.633327935,0
206,0.633327935,0
218,0.633327935,0
220,0.633327935,0
224,0.633327935,0
226,0.633327935,0
232,0.633327935,0
307,0.633327935,1
