rowId,13,label
107,2.87117155,1
138,2.866321817,0
155,2.876930608,1
199,2.853773134,1
213,2.862442031,1
241,2.835061249,1
287,2.87240419,1
322,2.832737419,1
331,2.87008036,1
333,2.883012981,1
334,2.858117686,1
335,2.869999531,1
341,2.873333723,1
