rowId,2,label
32,3.483693351,1
90,3.485642284,1
111,3.445036162,1
119,3.457191879,1
161,3.434025694,1
215,3.460065048,1
241,3.481583681,1
251,3.460386522,1
253,3.48311068,1
288,3.461652324,1
293,3.474933198,1
296,3.481844878,1
298,3.48435639,1
315,3.481222023,1
324,3.45317346,1
329,3.481724325,1
332,3.471035331,1
