rowId,22,label
17,0.743377174,0
37,0.743377174,0
41,0.743377174,0
53,0.743377174,0
55,0.743377174,0
59,0.743377174,0
63,0.743377174,0
75,0.743377174,0
77,0.743377174,0
98,0.743377174,0
166,0.743377174,0
172,0.743377174,0
187,0.743377174,1
194,0.743377174,0
206,0.743377174,0
220,0.743377174,0
297,0.849080116,1
