rowId,32,label
12,3.569977482,1
24,3.56002844,1
38,3.580136985,1
151,3.543306396,1
239,3.57927601,1
259,3.563854995,1
292,3.590832205,1
301,3.568733852,1
315,3.53243898,1
344,3.553905952,1
