rowId,2,8,label
2,3.720619323,3.745075121,1
6,3.672157193,3.686522531,1
22,3.641677486,3.768819587,1
100,3.720619323,3.585667716,0
105,3.609911885,3.767123554,1
125,3.624518838,3.664533262,1
139,3.720619323,3.696185976,1
181,3.720619323,3.763889258,1
217,3.573083077,3.640749354,1
223,3.669726049,3.745942859,1
262,3.720619323,3.575471795,1
270,3.720619323,3.725649624,1
313,3.631390334,3.623670694,1
317,3.720619323,3.738034611,1
