rowId,11,7,label
16,2.844466973,2.818760654,1
38,2.814961142,2.873431813,1
39,2.911946404,2.907958944,0
84,2.863059688,2.824771217,1
117,2.778523461,2.858587835,1
131,2.782767451,2.837349232,1
233,2.799723199,2.814151916,1
258,2.848347192,2.821621913,1
275,2.926194082,2.927258036,1
287,2.907278016,2.800479326,1
318,2.805543527,2.818203765,1
319,2.916453116,2.812654076,1
331,2.901659782,2.799039095,1
332,2.83729261,2.780584939,1
344,2.930559329,2.778165351,1
350,2.821630268,2.92940878,1
