rowId,4,label
1,3.633403512,0
82,3.626555534,1
113,3.602029772,1
135,3.597643988,1
234,3.612974994,0
243,3.613629015,1
264,3.593219733,1
278,3.634692317,1
279,3.577176999,1
280,3.612840343,1
304,3.6004909,1
319,3.617553137,1
348,3.636712085,1
