rowId,24,label
36,3.861880133,1
48,3.844903756,1
50,3.872200801,1
52,3.871301849,1
65,3.888917864,0
70,3.864023789,1
203,3.886774208,1
241,3.873462793,1
321,3.859079549,1
322,3.872287239,1
331,3.823242453,1
