rowId,18,28,label
48,3.698472907,3.706763364,1
91,3.671280024,3.695268025,0
109,3.65199112,3.749723288,1
155,3.689387322,3.629369515,1
169,3.623712438,3.64518863,1
235,3.7390307,3.712719409,1
245,3.71951825,3.776655723,1
275,3.604982402,3.671982148,1
288,3.774638527,3.710722484,1
313,3.767628735,3.774155226,1
342,3.676788858,3.628622839,1
