rowId,18,20,label
2,3.632255123,3.61029394,1
8,3.775995776,3.683412879,1
32,3.627592574,3.604849785,1
38,3.763333441,3.77584873,1
74,3.638179116,3.770289789,1
76,3.68149931,3.749890605,1
155,3.689387322,3.693497685,1
169,3.623712438,3.677739151,1
245,3.71951825,3.708190344,1
259,3.670577448,3.7001225,1
287,3.703854,3.773864565,1
291,3.728204643,3.599766387,1
318,3.767964055,3.616820367,1
344,3.648158888,3.710190908,1
