rowId,25,29,label
25,1.173405743,1.086333716,0
27,1.173405743,1.086333716,0
41,1.173405743,1.086333716,0
51,1.173405743,1.086333716,0
52,1.173405743,1.086333716,1
68,1.173405743,1.086333716,1
71,1.173405743,1.086333716,0
81,1.173405743,1.086333716,0
100,1.173405743,1.086333716,0
187,1.173405743,1.086333716,1
188,1.173405743,1.086333716,0
206,1.173405743,1.086333716,0
228,1.173405743,1.086333716,0
