rowId,17,31,label
7,5.0,4.954524675,0
19,5.0,4.954524675,0
29,5.0,4.954524675,0
31,5.0,4.954524675,0
37,5.0,4.954524675,0
53,5.0,4.954524675,0
78,5.0,4.954524675,1
81,5.0,4.954524675,0
162,5.0,4.954524675,0
189,5.0,4.954524675,1
216,5.0,4.954524675,0
220,5.0,4.954524675,0
228,5.0,4.954524675,0
