rowId,6,label
4,3.752993178,1
6,3.76720194,1
32,3.752871389,1
50,3.779685352,1
52,3.730746317,1
125,3.730462142,1
141,3.781816666,1
195,3.75721521,1
243,3.759813384,1
319,3.751775284,1
329,3.783278138,1
347,3.780030422,1
