rowId,14,label
8,3.857440242,1
10,3.862326676,1
22,3.813661472,1
26,3.819834615,1
38,3.882806808,1
44,3.848555817,1
50,3.877690605,1
53,3.831261824,0
60,3.839809254,1
76,3.868561092,1
107,3.807947867,1
126,3.881489462,0
155,3.776729835,1
169,3.804286871,1
179,3.88060102,1
195,3.875729904,1
203,3.865359635,1
241,3.863414252,1
245,3.79673511,1
288,3.842397992,1
304,3.871716595,1
319,3.862740262,1
321,3.880248706,1
331,3.809081397,1
332,3.794805045,1
349,3.860748925,1
