rowId,11,label
22,2.738811847,1
115,2.734790161,1
117,2.778523461,1
131,2.782767451,1
138,2.738710799,0
148,2.765003324,0
164,2.749826009,0
177,2.770884281,1
231,2.758010846,1
259,2.769570665,1
277,2.735719797,1
289,2.736831318,1
291,2.743763167,1
322,2.758334198,1
335,2.777088589,1
347,2.752978687,1
