rowId,13,17,label
5,2.811236938,2.802031568,0
99,2.959719585,2.849197013,1
129,2.785553562,2.98362759,1
158,2.968449104,2.910554365,0
180,2.926458502,2.927826218,0
241,2.835061249,2.884304369,1
243,2.79036288,2.905481513,1
258,2.913485467,2.827657523,1
277,2.90932278,2.792288471,1
303,2.775530781,2.925470966,1
312,2.776258241,2.863207747,1
322,2.832737419,2.943044774,1
332,2.831322914,2.882251072,1
344,2.826271109,2.866891604,1
346,2.947090073,2.964986872,1
350,2.804144204,2.915305131,1
