rowId,1,21,25,33,label
138,3.0,2.988583005,3.139012056,2.969124568,0
155,3.0,3.048640992,3.110929157,2.985907347,1
156,3.0,2.992249784,3.176455922,3.011722079,0
258,3.0,3.130139989,2.997791257,3.168126474,1
259,3.0,3.001532526,3.056552954,2.995280935,1
276,3.0,2.997074494,3.073327963,3.113849345,1
332,3.0,3.01492592,3.054488035,3.021202428,1
334,3.0,2.996785011,3.126956862,3.028056463,1
344,3.0,3.006144948,3.134036585,3.001643871,1
347,3.0,3.146331714,3.166760636,3.069693128,1
