rowId,11,label
18,2.931832526,1
39,2.911946404,0
161,2.928154401,1
169,2.931084775,1
237,2.88716959,1
274,2.882885181,1
275,2.926194082,1
287,2.907278016,1
313,2.896203224,1
317,2.916897725,1
319,2.916453116,1
331,2.901659782,1
344,2.930559329,1
