rowId,19,label
5,2.941982881,0
22,2.944275416,1
63,2.982921003,0
94,2.964522929,1
119,2.973500419,1
233,2.95647016,1
235,2.932119202,1
243,2.968761229,1
259,2.978162548,1
295,2.95658575,1
301,2.952135536,1
303,2.955526175,1
320,2.979780808,1
322,2.984808973,1
350,2.978567113,1
