rowId,1,label
51,2.35117234,0
79,2.347986133,0
224,2.37373137,0
708,2.347287553,0
851,2.346231163,1
878,2.360339076,1
906,2.363150435,1
912,2.359265648,1
927,2.353285119,1
979,2.389236443,1
1034,2.37442995,1
1049,2.358924877,1
1089,2.387839283,1
1162,2.346231163,1
1183,2.344459155,1
1223,2.376542729,1
1244,2.366319604,1
1284,2.366677413,1
1305,2.360679847,1
1345,2.370204392,1
