rowId,5,label
5,2.4892061,0
8,2.437471126,1
44,2.466203134,1
103,2.473125725,1
120,2.432870533,0
191,2.436451183,1
268,2.484974422,1
271,2.480048315,1
291,2.446086388,1
313,2.461103419,1
