rowId,30,label
33,3.890395579,0
36,3.849117038,1
50,3.861120886,1
54,3.852161746,1
155,3.834750915,1
243,3.844689962,1
304,3.877306834,1
305,3.836413256,1
316,3.838005603,1
319,3.873982153,1
