rowId,18,6,label
84,3.479620498,3.519867996,1
86,3.414328837,3.453634869,1
90,3.560320926,3.556039444,1
99,3.441888975,3.478337816,1
229,3.453385673,3.483432672,1
234,3.555626441,3.543251558,0
258,3.411215148,3.456233042,1
268,3.535092062,3.539618175,1
269,3.563897676,3.446997347,1
289,3.560257056,3.423126628,1
292,3.416069309,3.54690524,1
