rowId,21,29,label
34,2.947495777,2.835852052,1
237,2.930377707,2.789333932,1
245,2.821319968,2.849632282,1
249,2.80981786,2.916427026,1
269,2.828846515,2.886878276,1
270,2.938367426,2.939912476,1
303,2.941937711,2.907706109,1
306,2.876765532,2.781518573,1
320,2.909091087,2.93083721,1
342,2.938251633,2.904733517,1
343,2.814719765,2.852053665,1
