rowId,16,6,label
0,3.746918761,3.576236183,1
26,3.693441558,3.641941557,1
32,3.6874547,3.752871389,1
50,3.595532161,3.779685352,1
195,3.75131991,3.75721521,1
243,3.773924344,3.759813384,1
259,3.686500039,3.595377415,1
287,3.592910888,3.61127093,1
332,3.738747509,3.694209501,1
342,3.59226366,3.659783702,1
344,3.721369441,3.625418797,1
350,3.769701182,3.667070767,1
