rowId,3,label
606,1.646054817,0
806,1.049057122,1
807,1.577706839,1
812,1.052103271,1
817,1.11059886,1
832,1.09151283,1
861,1.069951803,1
875,1.09151283,1
886,1.168428103,1
941,1.902074158,1
1002,1.509406457,1
1012,1.449102217,1
1013,1.521115093,1
1024,1.503885311,1
1066,1.338298531,1
1098,1.300126471,1
1108,1.188132882,1
1123,1.274900545,1
1148,1.207218912,1
1153,1.21150256,1
