rowId,27,label
9,3.084719033,0
92,3.048902495,1
94,3.065501733,1
115,3.084791757,1
129,3.063283653,1
161,3.059556552,1
173,3.037084856,1
195,3.084573585,1
197,3.042848228,1
206,3.06137465,0
238,3.036866684,0
247,3.066792583,1
270,3.071265105,1
275,3.081864619,1
288,3.073555909,1
342,3.076773943,1
350,3.038757506,1
