rowId,0,label
40,3.314694643,0
62,3.345474561,0
73,3.312689551,0
104,3.32581059,0
113,3.331474095,0
135,3.310965876,0
142,3.315574069,0
165,3.322292885,0
196,3.305654141,0
203,3.316312787,0
214,3.323524082,0
245,3.329574535,0
255,3.304634007,0
309,3.34167544,0
327,3.330629846,0
371,3.30829242,0
408,3.332951531,0
518,3.339142692,0
539,3.341569909,0
544,3.340971899,0
640,3.313076499,0
737,3.308749721,0
