rowId,19,label
93,3.111900166,0
115,3.138023504,1
122,3.092153543,0
141,3.080806459,1
149,3.128699245,1
156,3.114982566,0
213,3.115965081,1
285,3.133187989,1
287,3.092615903,1
289,3.097971572,1
293,3.109106741,1
299,3.12216841,1
305,3.111591926,1
309,3.121956495,1
311,3.107758191,1
318,3.127235105,1
323,3.104656527,1
331,3.12825615,1
332,3.094137838,1
335,3.115233011,1
344,3.12105104,1
