rowId,21,33,label
3,4.913873776,5.0,0
19,4.913873776,5.0,0
21,4.913873776,5.0,0
28,4.913873776,5.0,1
31,4.913873776,5.0,0
77,4.913873776,5.0,0
78,4.913873776,5.0,1
79,4.913873776,5.0,0
162,4.913873776,5.0,0
184,4.913873776,5.0,0
189,4.759502364,5.0,1
196,4.913873776,5.0,0
214,4.913873776,5.0,0
222,4.913873776,5.0,0
250,4.913873776,5.0,0
