rowId,10,12,30,label
20,3.929584263,3.963053948,3.790865124,1
36,3.891234415,3.963053948,3.849117038,1
54,3.835830331,3.889699693,3.852161746,1
126,3.881864346,3.895935769,3.918760359,0
203,3.848927132,3.963053948,3.894385196,1
289,3.855794967,3.92963951,3.965165908,1
303,3.834481608,3.917617384,3.992848254,1
304,3.783727066,3.860303345,3.877306834,1
313,3.795439653,3.963053948,3.794119812,1
321,3.774960372,3.867568052,3.91123608,1
