rowId,16,22,label
44,3.756077035,3.637289202,1
60,3.765898718,3.639011719,1
86,3.627586122,3.624651887,1
155,3.678037534,3.638167023,1
195,3.75131991,3.643185511,1
259,3.686500039,3.635798562,1
287,3.592910888,3.728947002,1
342,3.59226366,3.705510828,1
344,3.721369441,3.643019884,1
350,3.769701182,3.575626392,1
