rowId,30,32,label
101,4.070628294,3.99633221,1
127,4.132992314,4.113673511,1
141,4.053094976,4.165217203,1
197,4.132992314,4.178323153,1
205,4.081529749,4.076020212,1
244,4.132992314,4.06628163,0
270,4.00654944,4.096109624,1
303,3.992848254,4.092723123,1
322,4.132992314,4.122723313,1
330,4.002682311,4.102366041,1
347,4.029157272,4.081893974,1
348,4.001037468,4.105121161,1
349,4.063383989,4.003832257,1
