rowId,0,9,label
11,3.347936583,3.373719714,0
18,3.347936583,3.329573882,1
40,3.347936583,3.290966946,1
63,3.347936583,3.264264505,0
72,3.347936583,3.349642048,1
74,3.347936583,3.213257055,1
76,3.347936583,3.202261932,1
82,3.347936583,3.352638839,1
98,3.347936583,3.305144868,0
114,3.347936583,3.239649483,0
150,3.347936583,3.348567336,0
174,3.347936583,3.220180675,0
194,3.347936583,3.281315212,0
217,3.347936583,3.380105979,1
223,3.347936583,3.301259373,1
284,3.347936583,3.169090555,1
