rowId,1,30,label
62,3.0,2.976720701,1
180,3.0,2.997141243,0
211,3.0,3.019469102,1
229,3.0,2.996826273,1
255,3.0,3.040082125,1
260,3.0,2.999398526,1
283,3.0,3.023353729,1
300,3.0,3.013467177,1
306,3.0,3.029268162,1
309,3.0,3.032225378,1
