rowId,2,label
43,2.214818195,0
118,2.207045627,0
127,2.199110648,0
171,2.204864668,0
200,2.223356418,0
256,2.191546895,0
281,2.185978489,0
338,2.189365936,0
403,2.193333426,0
540,2.199296261,0
599,2.189157121,0
625,2.225351764,0
644,2.213611707,0
694,2.185978489,0
703,2.207857686,0
736,2.191152467,0
907,2.21064189,1
961,2.200897178,1
997,2.222961989,1
1215,2.191755711,1
1219,2.219968971,1
1276,2.186372918,1
