rowId,21,7,label
36,2.709020024,2.713950264,1
48,2.648440968,2.661353038,1
56,2.618296182,2.642476414,1
101,2.626594683,2.704809599,1
119,2.761551463,2.638501377,1
130,2.577151057,2.666998742,0
144,2.605578247,2.620181642,0
192,2.561827779,2.77079137,0
241,2.702670706,2.735803365,1
292,2.680785822,2.77079137,1
313,2.669013531,2.761938751,1
