rowId,2,4,8,label
2,3.720619323,3.767381501,3.745075121,1
6,3.672157193,3.663526919,3.686522531,1
22,3.641677486,3.767381501,3.768819587,1
105,3.609911885,3.767381501,3.767123554,1
125,3.624518838,3.644541093,3.664533262,1
181,3.720619323,3.763822861,3.763889258,1
223,3.669726049,3.654274455,3.745942859,1
262,3.720619323,3.767381501,3.575471795,1
270,3.720619323,3.705345748,3.725649624,1
317,3.720619323,3.767381501,3.738034611,1
