rowId,16,18,30,label
20,3.872610414,3.806909118,3.790865124,1
36,3.879681379,3.930035553,3.849117038,1
126,3.926459773,3.842037915,3.918760359,0
241,3.79193346,3.875713658,3.930431739,1
243,3.773924344,3.854460735,3.844689962,1
303,3.926670122,3.9467377,3.992848254,1
304,3.785784795,3.975511378,3.877306834,1
319,3.79518578,3.956893116,3.873982153,1
321,3.897512506,3.931201191,3.91123608,1
331,3.931200717,3.943624011,3.812948006,1
