rowId,2,label
69,1.458767789,0
166,1.452405884,0
183,1.449025397,0
240,1.433129916,0
243,1.428141552,0
252,1.464730624,0
262,1.448628648,0
519,1.430531327,0
595,1.427167081,0
695,1.421204246,0
809,1.445248161,1
838,1.443663486,1
845,1.461549672,1
923,1.426749451,1
1026,1.44783283,1
1045,1.457575221,1
1106,1.454990553,1
1204,1.458767789,1
1236,1.442456998,1
1297,1.432921101,1
1358,1.465526442,1
