rowId,29,label
86,3.099507227,1
117,3.108621865,1
137,3.120551607,1
141,3.092498996,1
146,3.11645691,0
197,3.131418303,1
235,3.095038495,1
247,3.121417793,1
260,3.131969512,1
275,3.098680413,1
318,3.088030264,1
322,3.103798785,1
334,3.085392334,1
348,3.099074134,1
