rowId,10,label
8,3.797728931,1
12,3.824082251,1
38,3.786034091,1
44,3.800710317,1
54,3.835830331,1
64,3.820337773,1
72,3.802999595,1
103,3.787666754,1
130,3.80967222,0
140,3.811730796,0
149,3.815705977,1
201,3.800674824,1
231,3.824064505,1
303,3.834481608,1
304,3.783727066,1
313,3.795439653,1
348,3.825306749,1
