rowId,1,15,29,label
22,3.0,3.059291891,3.030310786,1
117,3.0,3.053794157,3.108621865,1
130,3.0,2.998118693,3.054938026,0
145,3.0,2.982629045,3.044701283,1
149,3.0,2.984810686,3.076002092,1
160,3.0,2.977131311,3.024404973,0
197,3.0,2.989021252,3.131418303,1
239,3.0,2.988803088,3.149627893,1
275,3.0,3.054906793,3.098680413,1
276,3.0,3.014917324,3.048264457,1
284,3.0,3.017317128,3.030330472,1
289,3.0,3.067233062,3.033814901,1
