rowId,1,33,label
84,3.0,3.032262834,1
86,3.0,2.985202727,1
122,3.0,3.019921299,0
141,3.0,2.986355742,1
150,3.0,3.034205878,0
155,3.0,2.985907347,1
156,3.0,3.011722079,0
259,3.0,2.995280935,1
279,3.0,3.032455003,1
289,3.0,3.027800238,1
321,3.0,3.019814539,1
322,3.0,3.014519209,1
324,3.0,3.007942751,1
332,3.0,3.021202428,1
334,3.0,3.028056463,1
336,3.0,3.029358943,1
342,3.0,2.995003357,1
344,3.0,3.001643871,1
