rowId,14,16,30,label
36,3.962659408,3.879681379,3.849117038,1
107,3.807947867,3.901039898,3.787452951,1
126,3.881489462,3.926459773,3.918760359,0
241,3.863414252,3.79193346,3.930431739,1
243,3.898829409,3.773924344,3.844689962,1
289,3.94502842,3.862222407,3.965165908,1
303,3.959503906,3.926670122,3.992848254,1
304,3.871716595,3.785784795,3.877306834,1
319,3.862740262,3.79518578,3.873982153,1
321,3.880248706,3.897512506,3.91123608,1
331,3.809081397,3.931200717,3.812948006,1
