rowId,12,20,label
116,3.515133319,3.550047476,0
144,3.427313939,3.412484171,0
181,3.54284207,3.448838664,1
229,3.512176005,3.389116938,1
233,3.465614375,3.50560874,1
234,3.481959966,3.511840002,0
239,3.506406027,3.473222576,1
256,3.433116061,3.414796297,1
257,3.381025539,3.554146991,1
258,3.54454574,3.53397738,1
273,3.507965046,3.380179997,1
274,3.396101414,3.509249109,1
285,3.41622401,3.545193651,1
305,3.390990403,3.420650403,1
