rowId,15,3,label
31,0.663174368,0.634142283,0
41,0.663174368,0.634142283,0
43,0.663174368,0.634142283,0
53,0.663174368,0.634142283,0
67,0.663174368,0.634142283,0
81,0.663174368,0.634142283,0
190,0.663174368,0.634142283,0
216,0.663174368,0.634142283,0
220,0.663174368,0.634142283,0
222,0.663174368,0.634142283,0
