rowId,23,27,label
9,3.108835088,3.084719033,0
114,3.109195308,3.12642621,0
121,3.10671169,3.124099044,1
138,3.110768898,3.125644428,0
143,3.105687908,3.125553523,1
145,3.103659304,3.115772154,1
146,3.108835088,3.12642621,0
152,3.098237054,3.111190546,0
160,3.108835088,3.10591806,0
168,3.108835088,3.12642621,0
284,3.086539403,3.099609259,1
