rowId,7,label
20,2.623907039,1
33,2.588880628,0
54,2.60787247,1
119,2.638501377,1
143,2.638347752,1
144,2.620181642,0
158,2.612596427,0
199,2.623830226,1
256,2.627517217,1
302,2.624175882,1
317,2.576321816,1
