rowId,27,label
131,3.228985139,1
137,3.225312581,1
149,3.20736795,1
177,3.226476164,1
213,3.215349401,1
231,3.205622575,1
277,3.195786663,1
290,3.185678036,1
322,3.185459864,1
323,3.238093812,1
331,3.235766646,1
347,3.215967555,1
