rowId,20,4,label
2,3.61029394,3.767381501,1
8,3.683412879,3.767381501,1
10,3.60632561,3.767381501,1
32,3.604849785,3.6405785,1
38,3.77584873,3.655640203,1
44,3.743593751,3.763399671,1
74,3.770289789,3.767381501,1
76,3.749890605,3.767381501,1
78,3.669015385,3.767381501,1
90,3.647829094,3.767381501,1
169,3.677739151,3.767381501,1
171,3.723292956,3.767381501,1
201,3.570479456,3.767381501,1
205,3.701860694,3.710808742,1
