rowId,14,22,label
86,3.576860906,3.624651887,1
151,3.596130918,3.669453901,1
155,3.776729835,3.638167023,1
259,3.709560518,3.635798562,1
272,3.583631451,3.574781696,1
287,3.739308024,3.728947002,1
342,3.746063251,3.705510828,1
344,3.726057976,3.643019884,1
346,3.687640497,3.683598419,1
350,3.686951188,3.575626392,1
