rowId,14,label
22,3.813661472,1
26,3.819834615,1
53,3.831261824,0
60,3.839809254,1
107,3.807947867,1
155,3.776729835,1
169,3.804286871,1
245,3.79673511,1
331,3.809081397,1
332,3.794805045,1
