rowId,3,label
2,2.82325389,1
46,2.814985397,1
84,2.835803875,1
87,2.786215576,0
140,2.819833226,0
142,2.774231925,0
237,2.827558036,1
256,2.820422214,1
272,2.800079458,1
273,2.818020953,1
292,2.822528981,1
302,2.83750288,1
305,2.822687555,1
321,2.82771661,1
