rowId,4,label
4,3.654659173,1
6,3.663526919,1
32,3.6405785,1
38,3.655640203,1
58,3.662064991,1
125,3.644541093,1
141,3.647291826,1
203,3.679954371,1
219,3.646503154,1
223,3.654274455,1
278,3.634692317,1
281,3.69297707,1
303,3.655236249,1
305,3.669566989,1
329,3.667681872,1
347,3.674722208,1
348,3.636712085,1
