rowId,14,label
6,3.615967694,1
84,3.592209516,1
99,3.616993999,1
151,3.596130918,1
193,3.60299337,1
201,3.632740876,1
234,3.635758517,0
258,3.580644446,1
272,3.583631451,1
294,3.601982384,1
