rowId,19,label
115,3.138023504,1
118,3.160948852,0
120,3.151374147,0
131,3.187245574,1
154,3.145922153,0
158,3.187361164,0
207,3.147675268,1
257,3.145440528,1
285,3.133187989,1
300,3.154071247,1
312,3.159947072,1
333,3.155785832,1
341,3.147983508,1
342,3.168770441,1
343,3.142454453,1
346,3.17377934,1
347,3.162605641,1
