rowId,33,7,label
11,0.833868281,0.850483736,0
25,0.833868281,0.850483736,0
29,0.833868281,0.850483736,0
43,0.833868281,0.850483736,0
67,0.833868281,0.850483736,0
69,0.833868281,0.850483736,0
71,0.833868281,0.850483736,0
75,0.833868281,0.850483736,0
216,0.833868281,0.850483736,0
232,0.833868281,0.850483736,0
