rowId,16,32,label
36,3.879681379,3.93617877,1
46,3.858241955,3.768728735,1
58,3.852740518,3.930572867,1
66,3.931281621,3.868984469,1
107,3.901039898,3.796873045,1
126,3.926459773,3.900056093,0
293,3.80657699,3.844513651,1
313,3.932948233,3.838486827,1
319,3.79518578,3.943659684,1
331,3.931200717,3.877001101,1
350,3.769701182,3.972473641,1
