rowId,0,label
2,3.207369465,0
48,3.222917721,0
89,3.185102393,0
98,3.191188022,0
116,3.218239173,0
144,3.201072773,0
146,3.204696009,0
237,3.215987842,0
267,3.201600429,0
270,3.198821442,0
323,3.213701334,0
365,3.219294485,0
383,3.188268327,0
415,3.184961685,0
447,3.223586085,0
472,3.197660599,0
475,3.191645324,0
486,3.213419918,0
500,3.206806632,0
577,3.217992934,0
611,3.191082491,0
639,3.213912396,0
699,3.225169052,0
733,3.192735812,0
