rowId,31,label
83,3.144932782,0
149,3.184401263,1
231,3.144874368,1
233,3.183525051,1
257,3.152604504,1
258,3.186659943,1
287,3.145439037,1
294,3.142070489,1
318,3.177897823,1
323,3.132198501,1
331,3.139792338,1
341,3.165611384,1
