rowId,1,21,3,label
89,3.0,3.081989385,3.182242368,0
108,3.0,2.983989881,3.144388532,0
123,3.0,3.144807106,2.993879322,1
203,3.0,3.159435626,3.105424678,1
259,3.0,3.001532526,3.021244632,1
268,3.0,3.123153809,3.157391585,1
275,3.0,3.003057134,3.134398381,1
277,3.0,3.096405618,3.119424481,1
284,3.0,2.978586206,3.126582957,1
287,3.0,3.078573491,3.16980565,1
330,3.0,2.997672758,3.084243746,1
331,3.0,3.075524274,3.140469493,1
332,3.0,3.01492592,2.983911824,1
346,3.0,3.00628004,3.08746053,1
