rowId,1,2,3,label
119,0.833840161,-0.621347661,0.929273828,0
292,0.802114395,-0.471453116,0.980967936,0
336,0.851117242,-0.508429656,0.797561181,0
593,0.629343578,0.189365936,0.507681985,0
691,0.616309094,0.147417273,0.37474136,0
697,0.83314158,0.096327143,0.27565107,0
814,0.37373137,0.398297192,0.390129174,1
978,-0.315555013,1.269242388,0.326117199,1
996,-0.393825986,0.051594276,1.476409864,1
1330,-1.17830943,2.0,0.314427601,1
