rowId,23,label
147,3.190813441,1
161,3.15130306,1
205,3.16459326,1
237,3.180310201,1
238,3.164877644,0
256,3.168157536,1
308,3.165617041,1
332,3.141994232,1
334,3.148629853,1
344,3.132192473,1
