rowId,10,4,8,label
6,3.570504749,3.663526919,3.686522531,1
22,3.739041773,3.767381501,3.768819587,1
32,3.724826952,3.6405785,3.732098495,1
90,3.762023288,3.767381501,3.668576132,1
119,3.637763391,3.767381501,3.721665918,1
125,3.752528994,3.644541093,3.664533262,1
223,3.6731496,3.654274455,3.745942859,1
243,3.753948702,3.613629015,3.749295483,1
329,3.756450936,3.667681872,3.770298686,1
349,3.747222837,3.731256495,3.681592202,1
