rowId,11,13,5,label
48,2.59558731,2.586896388,2.665656215,1
127,2.631782476,2.748675386,2.706887947,1
141,2.697180332,2.749322017,2.720906736,1
156,2.660722442,2.765124063,2.748510296,0
160,2.689520941,2.748533936,2.730151325,0
245,2.686671406,2.675565667,2.745407066,1
250,2.686671406,2.586714523,2.748510296,0
302,2.634045937,2.660531496,2.659449754,1
303,2.61169426,2.775530781,2.770232909,1
304,2.691279165,2.640546556,2.743562488,1
320,2.629902995,2.767043749,2.741066883,1
