rowId,10,22,30,label
36,3.891234415,3.970033186,3.849117038,1
54,3.835830331,3.892602717,3.852161746,1
103,3.787666754,3.942058841,3.942173113,1
107,3.867188119,3.854442331,3.787452951,1
126,3.881864346,3.835130261,3.918760359,0
303,3.834481608,3.936907851,3.992848254,1
304,3.783727066,3.923558342,3.877306834,1
313,3.795439653,3.848744774,3.794119812,1
321,3.774960372,3.86896779,3.91123608,1
332,3.841402682,3.782394729,3.796272105,1
