rowId,19,21,33,label
19,4.972783407,4.913873776,5.0,0
21,4.972783407,4.913873776,5.0,0
28,4.878365651,4.913873776,5.0,1
77,4.972783407,4.913873776,5.0,0
78,4.972783407,4.913873776,5.0,1
79,4.972783407,4.913873776,5.0,0
162,4.972783407,4.913873776,5.0,0
184,4.972783407,4.913873776,5.0,0
196,4.972783407,4.913873776,5.0,0
222,4.972783407,4.913873776,5.0,0
250,4.972783407,4.913873776,5.0,0
