rowId,21,5,label
36,2.709020024,2.722273894,1
48,2.648440968,2.665656215,1
56,2.618296182,2.650986398,1
101,2.626594683,2.680326031,1
119,2.761551463,2.694388222,1
144,2.605578247,2.748510296,0
171,2.769560482,2.748510296,1
192,2.561827779,2.748510296,0
241,2.702670706,2.695017548,1
295,2.607430936,2.762941403,1
312,2.788917217,2.627896628,1
