rowId,23,7,label
48,2.753563963,2.661353038,1
50,2.799994348,2.765664148,1
56,2.728121098,2.642476414,1
59,2.595370768,2.77079137,0
94,2.712916047,2.761017004,1
101,2.743458861,2.704809599,1
119,2.754929005,2.638501377,1
132,2.582194322,2.77079137,0
144,2.662750755,2.620181642,0
244,2.754929005,2.732385217,0
