rowId,16,18,30,label
102,2.381979897,2.426139793,2.383160124,0
114,2.399908109,2.431600724,2.383160124,0
138,2.380475092,2.433644581,2.383160124,0
143,2.386526673,2.427385268,2.382950144,1
168,2.381979897,2.426139793,2.383160124,0
178,2.381979897,2.426139793,2.428025821,0
212,2.381979897,2.426139793,2.383160124,0
230,2.381979897,2.426139793,2.383160124,0
240,2.381979897,2.426139793,2.493907003,0
246,2.381979897,2.426139793,2.383160124,0
248,2.381979897,2.426139793,2.383160124,0
