rowId,28,32,label
36,3.830017019,3.93617877,1
54,3.941410679,3.903633922,1
58,3.880790996,3.930572867,1
66,3.84917013,3.868984469,1
107,3.980220473,3.796873045,1
161,3.873098495,3.844762377,1
245,3.776655723,3.903193868,1
287,3.835139565,3.809940729,1
293,3.83394141,3.844513651,1
313,3.774155226,3.838486827,1
319,3.863930007,3.943659684,1
326,3.835799418,3.775999189,1
