rowId,14,label
3,0.941020467,0
15,0.941020467,0
21,0.941020467,0
49,0.941020467,0
51,0.941020467,0
52,0.941020467,1
55,0.941020467,0
68,0.941020467,1
71,0.941020467,0
140,0.941020467,0
162,0.941020467,0
167,0.941020467,1
170,0.941020467,0
187,0.941020467,1
188,0.941020467,0
194,0.941020467,0
204,0.941020467,0
206,0.941020467,0
220,0.941020467,0
337,0.987188841,1
338,0.977017706,1
