rowId,4,label
48,3.730891013,1
54,3.719041704,1
72,3.70505721,1
85,3.718599278,0
101,3.694573649,1
183,3.698497771,1
203,3.679954371,1
205,3.710808742,1
231,3.715194525,1
270,3.705345748,1
281,3.69297707,1
302,3.730025398,1
333,3.740047298,1
345,3.717445125,1
349,3.731256495,1
