rowId,13,label
22,2.687124196,1
36,2.679000894,1
114,2.62997818,0
119,2.66398693,1
161,2.687487926,1
197,2.672595206,1
245,2.675565667,1
302,2.660531496,1
304,2.640546556,1
306,2.640627385,1
343,2.679344417,1
