rowId,33,label
146,3.169258137,0
180,3.137656976,0
207,3.176603272,1
233,3.168638925,1
258,3.168126474,1
287,3.1293937,1
288,3.165372049,1
318,3.158923704,1
325,3.15399136,1
333,3.181471559,1
335,3.184033815,1
341,3.153051866,1
