rowId,8,label
2,3.745075121,1
22,3.768819587,1
32,3.732098495,1
105,3.767123554,1
112,3.765486684,0
181,3.763889258,1
205,3.788678953,1
223,3.745942859,1
241,3.749216598,1
243,3.749295483,1
288,3.754738566,1
317,3.738034611,1
329,3.770298686,1
346,3.774183785,1
350,3.744345432,1
