rowId,22,label
18,3.251296242,1
33,3.259792891,0
49,3.284885331,0
92,3.281539673,1
181,3.280380286,1
185,3.252240314,1
215,3.253565328,1
229,3.279452777,1
255,3.246145253,1
256,3.228771015,1
257,3.261266968,1
269,3.284587203,1
290,3.24737089,1
295,3.240629885,1
306,3.273788344,1
