rowId,3,label
18,2.956750394,1
39,2.955232616,0
70,2.97942645,1
101,2.938197257,1
141,2.950543361,1
151,2.974986383,1
154,2.932035531,0
156,2.95765653,0
243,2.936430291,1
245,2.98361733,1
247,2.940666478,1
254,2.956569167,1
278,2.949025583,1
289,2.957226115,1
319,2.940462597,1
322,2.939647075,1
332,2.983911824,1
