rowId,30,label
16,3.732665705,1
20,3.790865124,1
46,3.746611868,1
48,3.728973559,1
56,3.756410928,1
58,3.753698688,1
107,3.787452951,1
195,3.7535762,1
239,3.76306029,1
287,3.745631962,1
293,3.757355838,1
