rowId,3,label
581,1.276138044,0
742,0.977044245,0
744,1.409073909,0
830,2.070707088,1
853,2.078084481,1
883,1.870041993,1
894,1.960522151,1
902,1.998075462,1
908,1.82144639,1
911,1.796839214,1
924,1.910070301,1
931,1.892221769,1
952,1.185657886,1
958,1.857762203,1
971,1.77342194,1
1065,1.438012329,1
1075,2.007927851,1
1078,1.98946057,1
1094,1.413405153,1
1114,1.394319123,1
1159,1.122259901,1
