rowId,2,label
242,1.999715288,0
265,1.994935739,0
319,1.987975231,0
363,1.987186373,0
397,1.9985088,0
411,1.991757107,0
528,1.988972904,0
582,2.013613103,0
669,2.007070225,0
726,2.01124653,0
759,2.00029533,0
760,2.000898574,0
767,1.985399843,1
785,2.006072552,1
885,2.00110739,1
922,2.027928548,1
1007,1.996327841,1
1032,1.994726924,1
1133,1.985005414,1
1194,2.020387998,1
1212,2.001501818,1
1227,2.024355487,1
1255,2.02096804,1
1288,1.992360351,1
