rowId,16,24,label
60,3.765898718,3.632370588,1
91,3.768681798,3.679721193,0
148,3.699007717,3.708902582,0
155,3.678037534,3.570446575,1
161,3.736611657,3.692756008,1
195,3.75131991,3.7767908,1
243,3.773924344,3.749701205,1
245,3.722663896,3.646321642,1
259,3.686500039,3.69182248,1
287,3.592910888,3.65213026,1
332,3.738747509,3.689592386,1
342,3.59226366,3.602255671,1
344,3.721369441,3.648707325,1
