rowId,12,18,label
2,3.729088589,3.632255123,1
22,3.693841902,3.627001771,1
32,3.726291998,3.627592574,1
155,3.695449138,3.689387322,1
161,3.771005307,3.760555072,1
245,3.731145851,3.71951825,1
259,3.672015635,3.670577448,1
287,3.694468724,3.703854,1
293,3.679167836,3.758223798,1
318,3.627029097,3.767964055,1
342,3.715925326,3.676788858,1
344,3.691366758,3.648158888,1
