rowId,16,label
40,3.449161577,1
85,3.462704821,0
112,3.466086586,0
124,3.428256117,0
125,3.45225209,1
193,3.46244593,1
233,3.466458742,1
256,3.474322561,1
258,3.492218412,1
318,3.428968068,1
