rowId,9,label
58,2.585708346,1
120,2.550056867,0
129,2.566425546,1
152,2.544373298,0
205,2.564420796,1
245,2.536622976,1
260,2.544331963,1
270,2.544125287,1
277,2.575043904,1
290,2.533481512,1
293,2.580272787,1
