rowId,16,4,label
2,3.737517776,3.767381501,1
22,3.620515157,3.767381501,1
26,3.693441558,3.767381501,1
32,3.6874547,3.6405785,1
39,3.626744725,3.761072128,0
44,3.756077035,3.763399671,1
60,3.765898718,3.767381501,1
62,3.651727721,3.754916642,1
72,3.567086496,3.70505721,1
76,3.707810017,3.767381501,1
148,3.699007717,3.767381501,0
169,3.595532161,3.767381501,1
171,3.640482137,3.767381501,1
243,3.773924344,3.613629015,1
332,3.738747509,3.57408002,1
345,3.624269079,3.717445125,1
