rowId,16,label
26,3.693441558,1
32,3.6874547,1
33,3.713165827,0
59,3.684865788,0
76,3.707810017,1
94,3.703360325,1
148,3.699007717,0
161,3.736611657,1
239,3.735802622,1
245,3.722663896,1
259,3.686500039,1
344,3.721369441,1
