rowId,32,label
21,0.418293079,0
27,0.418293079,0
55,0.418293079,0
57,0.418293079,0
77,0.418293079,0
79,0.418293079,0
140,0.418293079,0
162,0.418293079,0
166,0.418293079,0
194,0.418293079,0
220,0.418293079,0
232,0.418293079,0
