rowId,33,label
11,0.833868281,0
17,0.833868281,0
25,0.833868281,0
26,0.833868281,1
29,0.833868281,0
33,0.833868281,0
43,0.833868281,0
57,0.833868281,0
67,0.833868281,0
69,0.833868281,0
71,0.833868281,0
75,0.833868281,0
81,0.833868281,0
216,0.833868281,0
232,0.833868281,0
