rowId,13,19,label
2,2.827948308,2.881760497,1
5,2.811236938,2.941982881,0
66,2.922154365,2.879294577,1
107,2.87117155,2.874150823,1
233,2.900007252,2.95647016,1
239,2.80671052,2.871742698,1
243,2.79036288,2.968761229,1
259,2.823058161,2.978162548,1
270,2.782219371,2.875826877,1
275,2.911020187,2.836988641,1
303,2.775530781,2.955526175,1
349,2.782219371,2.797225685,1
