rowId,31,label
1,2.884950956,0
89,2.862052616,0
158,2.864798081,0
203,2.830372686,1
234,2.880394654,0
275,2.867971915,1
303,2.866336319,1
304,2.838453308,1
316,2.870522665,1
320,2.880881438,1
343,2.839212691,1
350,2.877357119,1
