rowId,2,label
23,1.285219116,0
51,1.314430049,0
107,1.289581035,0
177,1.277655364,0
195,1.289581035,0
249,1.287794504,0
251,1.28322377,0
260,1.285613545,0
345,1.289581035,0
366,1.26294549,0
589,1.296355929,0
664,1.273293445,0
693,1.296935972,0
891,1.293177297,1
931,1.297933645,1
952,1.265729693,1
978,1.292759667,1
1053,1.294963828,1
1114,1.282040484,1
1135,1.274291118,1
1222,1.268722712,1
1283,1.28540473,1
