rowId,14,label
12,3.908403143,1
16,3.915954904,1
24,3.903394165,1
36,3.962659408,1
38,3.882806808,1
46,3.932437045,1
48,3.903041852,1
54,3.922082094,1
58,3.925911588,1
74,3.921515329,1
126,3.881489462,0
141,3.932008142,1
199,3.977257438,1
205,3.914515015,1
231,3.983553125,1
243,3.898829409,1
270,3.94253159,1
289,3.94502842,1
303,3.959503906,1
322,3.966596128,1
329,3.939238226,1
330,3.917701154,1
341,3.991901421,1
347,3.922281228,1
348,3.912002867,1
