rowId,1,label
86,6.268467156,0
155,6.206327929,0
172,6.402916682,0
173,6.646475495,0
207,6.611895216,0
260,6.230149023,0
281,6.214979858,0
357,6.278271303,0
360,6.382072153,0
374,6.381117115,0
418,6.218688562,0
503,6.59355059,0
600,6.367014437,0
646,6.337490546,0
677,6.316335672,0
690,6.297768147,0
820,6.424435053,0
1130,6.296531912,0
1138,6.322095052,0
1184,6.497024835,0
1203,6.458257475,0
1212,6.524191136,0
1213,6.226272287,0
1215,6.459858922,0
1232,6.222143503,0
1419,6.194527975,0
