rowId,27,label
5,3.294109423,0
88,3.308945106,1
106,3.325980688,0
111,3.286746125,1
136,3.293254917,0
151,3.311290453,1
207,3.289473272,1
209,3.287636993,1
215,3.317035644,1
255,3.284928026,1
258,3.285818895,1
307,3.300400043,1
319,3.289146015,1
328,3.350615921,1
335,3.285746171,1
