rowId,31,7,label
127,2.797154517,2.81985523,1
141,2.940989579,2.794103904,1
160,2.960694612,2.79245244,0
171,2.791040505,2.984156751,1
234,2.880394654,2.854286346,0
239,2.90720674,2.803014132,1
245,2.910030089,2.784502366,1
275,2.867971915,2.927258036,1
293,2.795733106,2.849063109,1
295,2.778559352,2.902793316,1
350,2.877357119,2.92940878,1
