rowId,3,label
30,2.640617851,0
65,2.662778588,0
93,2.665239305,0
116,2.633849687,0
294,2.627081524,0
312,2.654777686,0
360,2.648004763,0
507,2.659085132,0
620,2.640617851,0
639,2.663392577,0
653,2.654158937,0
757,2.656005665,0
770,2.636929154,1
794,2.648004763,1
819,2.650465481,1
861,2.643697317,1
915,2.635082426,1
1107,2.628309503,1
1147,2.646776784,1
1185,2.620308601,1
1259,2.660313111,1
1288,2.645544045,1
