rowId,0,label
23,2.176625634,0
87,2.15558624,0
119,2.174465763,0
190,2.174465763,0
268,2.174465763,0
278,2.162491495,0
287,2.162632203,0
338,2.186580739,0
353,2.160050208,0
382,2.150657936,0
392,2.15253639,0
441,2.152817807,0
470,2.154365597,0
480,2.180663959,0
499,2.15854463,0
589,2.176720612,0
592,2.183808787,0
641,2.178880482,0
738,2.173526536,0
748,2.148448817,0
749,2.158031045,0
803,2.168643961,1
919,2.162301539,1
986,2.144832616,1
1046,2.160472332,1
1332,2.165449885,1
