rowId,29,label
111,2.901071913,1
123,2.890894228,1
140,2.924203013,0
158,2.924301444,0
161,2.928494571,1
249,2.916427026,1
269,2.886878276,1
270,2.939912476,1
274,2.921151677,1
303,2.907706109,1
317,2.930345059,1
320,2.93083721,1
342,2.904733517,1
