rowId,23,27,label
28,5.0,4.944524585,1
37,5.0,4.944524585,0
43,5.0,4.944524585,0
57,5.0,4.944524585,0
77,5.0,4.944524585,0
78,5.0,4.944524585,1
79,5.0,4.944524585,0
81,5.0,4.944524585,0
164,5.0,4.944524585,0
189,5.0,4.944524585,1
214,5.0,4.944524585,0
218,5.0,4.944524585,0
226,5.0,4.944524585,0
