rowId,24,label
64,3.933173998,1
129,3.9751136,1
140,3.969650734,0
141,3.992971642,1
149,3.979228038,1
229,3.949372435,1
341,3.942889603,1
346,3.964032279,1
347,3.94919956,1
348,3.940002582,1
