rowId,28,label
58,3.880790996,1
66,3.84917013,1
149,3.865735922,1
161,3.873098495,1
287,3.835139565,1
319,3.863930007,1
321,3.872994308,1
326,3.835799418,1
337,3.895498779,1
345,3.863426435,1
