rowId,12,4,label
2,3.729088589,3.767381501,1
6,3.613078287,3.663526919,1
22,3.693841902,3.767381501,1
24,3.713819846,3.767381501,1
32,3.726291998,3.6405785,1
39,3.777611047,3.761072128,0
40,3.568863222,3.767381501,1
62,3.709914263,3.754916642,1
72,3.74230007,3.70505721,1
90,3.725070499,3.767381501,1
125,3.608449448,3.644541093,1
179,3.734633554,3.767381501,1
193,3.648453554,3.755128237,1
209,3.670826281,3.767381501,1
332,3.754450775,3.57408002,1
