rowId,28,label
76,3.279699347,1
84,3.272718794,1
207,3.256778126,1
215,3.259660644,1
251,3.255753617,1
256,3.235107154,1
258,3.299234478,1
269,3.2564482,1
285,3.260042664,1
290,3.272718794,1
291,3.258497218,1
325,3.252992652,1
