rowId,2,label
8,1.500913666,0
35,1.488389391,0
44,1.491570344,0
115,1.485008905,0
221,1.500117848,0
252,1.464730624,0
264,1.491767558,0
470,1.493755943,0
473,1.485804723,0
504,1.505087651,0
696,1.47248463,0
735,1.485804723,0
784,1.497333645,1
873,1.507076036,1
939,1.491171275,1
960,1.470695779,1
1087,1.480635385,1
1175,1.499918313,1
1239,1.47029671,1
1265,1.48262377,1
1300,1.485208439,1
1326,1.480635385,1
1358,1.465526442,1
