rowId,14,2,label
6,3.615967694,3.672157193,1
34,3.6498051,3.720619323,1
39,3.730071286,3.720619323,0
40,3.691439354,3.720619323,1
62,3.713742325,3.720619323,1
72,3.74145254,3.641998959,1
117,3.654109451,3.684091896,1
125,3.579602823,3.624518838,1
171,3.664219314,3.720619323,1
193,3.60299337,3.720619323,1
201,3.632740876,3.720619323,1
287,3.739308024,3.601674127,1
317,3.771935309,3.720619323,1
