rowId,24,label
101,4.026146455,1
141,3.992971642,1
147,4.006559658,1
149,3.979228038,1
242,4.022325906,0
270,4.0121954,1
302,3.998157908,1
329,4.038662643,1
333,4.01629255,1
334,3.994268208,1
