rowId,1,label
404,0.448820225,0
426,0.447763835,0
500,0.396648209,0
640,-1.264337029,0
785,-1.42863969,1
989,-1.561915166,1
1041,-1.478698927,1
1054,-1.484338684,1
1062,-1.516081488,1
1070,-1.453311499,1
1082,-0.298631651,1
1087,-1.538282708,1
1096,-0.306387596,1
1097,-1.426169101,1
1162,-1.314055494,1
1184,-1.49069406,1
1206,-1.737139533,1
1223,-1.797779705,1
1228,-0.35187028,1
1234,-0.310265568,1
1250,-0.275714812,1
1260,-0.288406822,1
