rowId,14,20,label
0,3.4001068,3.38209857,1
116,3.527491075,3.550047476,0
139,3.425013826,3.467220887,1
144,3.463982753,3.412484171,0
177,3.557835982,3.541094137,1
181,3.567930527,3.448838664,1
229,3.526663904,3.389116938,1
233,3.515987276,3.50560874,1
256,3.436869938,3.414796297,1
257,3.556901585,3.554146991,1
267,3.451743691,3.517562924,1
273,3.491723604,3.380179997,1
274,3.394868052,3.509249109,1
285,3.541047482,3.545193651,1
