rowId,12,24,label
117,3.631047187,3.603880701,1
155,3.695449138,3.570446575,1
161,3.771005307,3.692756008,1
177,3.695175908,3.755803711,1
245,3.731145851,3.646321642,1
259,3.672015635,3.69182248,1
287,3.694468724,3.65213026,1
332,3.754450775,3.689592386,1
342,3.715925326,3.602255671,1
344,3.691366758,3.648707325,1
