rowId,1,23,29,33,label
138,3.0,3.110768898,3.055036456,2.969124568,0
141,3.0,3.063902457,3.092498996,2.986355742,1
146,3.0,3.108835088,3.11645691,3.169258137,0
149,3.0,3.078424987,3.076002092,3.10609852,1
156,3.0,3.065570842,3.068974174,3.011722079,0
276,3.0,3.044564363,3.048264457,3.113849345,1
289,3.0,3.108835088,3.033814901,3.027800238,1
321,3.0,3.0750503,3.058835862,3.019814539,1
334,3.0,3.148629853,3.085392334,3.028056463,1
344,3.0,3.132192473,3.071651476,3.001643871,1
