rowId,3,31,33,label
129,2.919326972,2.932324816,2.881281881,1
158,2.915022825,2.864798081,2.822499452,0
160,2.91545324,2.960694612,2.969081864,0
171,2.899482591,2.791040505,2.969081864,1
237,2.827558036,2.980341232,2.901288833,1
247,2.940666478,2.901170613,2.786072708,1
274,2.884825839,2.799432668,2.858520505,1
303,2.864800231,2.866336319,2.810649016,1
313,2.895971313,2.96928149,2.925544859,1
320,2.872774229,2.880881438,2.826705822,1
