rowId,17,7,label
33,2.64769206,2.588880628,0
36,2.732199332,2.713950264,1
48,2.774110752,2.661353038,1
101,2.720282156,2.704809599,1
116,2.710277365,2.739317528,0
130,2.778780997,2.666998742,0
144,2.770447025,2.620181642,0
197,2.625729832,2.571060173,1
199,2.744096378,2.623830226,1
259,2.756718117,2.776571496,1
292,2.579892991,2.77079137,1
313,2.694897766,2.761938751,1
