rowId,12,16,label
2,3.729088589,3.737517776,1
22,3.693841902,3.620515157,1
32,3.726291998,3.6874547,1
39,3.777611047,3.626744725,0
62,3.709914263,3.651727721,1
72,3.74230007,3.567086496,1
155,3.695449138,3.678037534,1
161,3.771005307,3.736611657,1
207,3.639292308,3.74457256,1
245,3.731145851,3.722663896,1
259,3.672015635,3.686500039,1
287,3.694468724,3.592910888,1
332,3.754450775,3.738747509,1
342,3.715925326,3.59226366,1
344,3.691366758,3.721369441,1
350,3.652343065,3.769701182,1
