rowId,15,label
24,2.700870181,1
88,2.725042757,1
115,2.7409251,1
121,2.721333969,1
122,2.688980241,0
127,2.728249769,1
137,2.699364849,1
139,2.726897152,1
147,2.703313618,1
244,2.728467933,0
253,2.728358851,1
254,2.726809886,1
269,2.704360806,1
302,2.688849342,1
312,2.705757056,1
342,2.683395241,1
343,2.685795046,1
