rowId,0,label
613,2.154365597,0
629,2.114404469,0
662,2.049129936,0
682,2.02964185,0
684,2.024101465,0
693,1.990292803,0
727,1.933235629,0
731,1.926333892,0
745,1.890080424,0
746,1.888954759,0
762,1.848850988,1
764,1.846972639,1
765,1.845000367,1
769,1.838520016,1
770,1.834716322,1
775,1.814993605,1
778,1.806211303,1
792,1.772166955,1
821,1.708770876,1
825,1.703371199,1
826,1.700929912,1
828,1.696374484,1
842,1.653922821,1
903,1.509995923,1
918,1.466351758,1
939,1.401837049,1
