rowId,21,23,label
11,4.913873776,5.0,0
28,4.913873776,5.0,1
37,4.913873776,5.0,0
69,4.913873776,5.0,0
77,4.913873776,5.0,0
78,4.913873776,5.0,1
79,4.913873776,5.0,0
81,4.913873776,5.0,0
164,4.913873776,5.0,0
189,4.759502364,5.0,1
214,4.913873776,5.0,0
218,4.913873776,5.0,0
232,4.913873776,5.0,0
