rowId,13,15,label
24,2.706118983,2.700870181,1
36,2.679000894,2.672094344,1
48,2.586896388,2.565783004,1
114,2.62997818,2.770573594,0
115,2.715010159,2.7409251,1
127,2.748675386,2.728249769,1
156,2.765124063,2.773235195,0
247,2.569801081,2.765490371,1
269,2.694621075,2.704360806,1
302,2.660531496,2.688849342,1
303,2.775530781,2.760014454,1
320,2.767043749,2.777467577,1
343,2.679344417,2.685795046,1
