rowId,2,4,label
42,3.538424215,3.508235562,1
96,3.522029066,3.369179297,1
111,3.445036162,3.400360679,1
161,3.434025694,3.419731222,1
177,3.553191904,3.446776886,1
217,3.573083077,3.560903434,1
225,3.566070936,3.505754132,1
241,3.481583681,3.571521647,1
263,3.507844048,3.517334139,1
265,3.555201113,3.499810241,1
269,3.416083454,3.393474229,1
288,3.461652324,3.38162492,1
292,3.413471482,3.506004198,1
293,3.474933198,3.448527352,1
321,3.509752797,3.527413746,1
332,3.471035331,3.57408002,1
