rowId,14,label
18,3.677377454,1
34,3.6498051,1
90,3.666042153,1
117,3.654109451,1
161,3.672858651,1
171,3.664219314,1
201,3.632740876,1
207,3.672445066,1
234,3.635758517,0
292,3.659884327,1
318,3.659057156,1
346,3.687640497,1
350,3.686951188,1
