rowId,10,26,label
50,3.594551044,3.759270941,1
171,3.732404641,3.700941364,1
234,3.695137319,3.679922569,0
241,3.61384132,3.660221081,1
243,3.753948702,3.625506168,1
288,3.727240455,3.616091298,1
319,3.709476365,3.634611084,1
321,3.774960372,3.674885807,1
329,3.756450936,3.687748922,1
330,3.577177374,3.685056192,1
349,3.747222837,3.677694771,1
