rowId,33,label
68,3.042661324,1
83,3.067002759,0
150,3.034205878,0
157,3.059465455,1
177,3.058056214,1
203,3.066127321,1
205,3.094675127,1
265,3.084255285,1
279,3.032455003,1
347,3.069693128,1
