rowId,11,label
16,2.844466973,1
84,2.863059688,1
126,2.847963212,0
130,2.834139932,0
195,2.869789443,1
237,2.88716959,1
258,2.848347192,1
272,2.854692966,1
274,2.882885181,1
330,2.865828386,1
332,2.83729261,1
