rowId,11,9,label
17,4.70761873,4.691956417,0
23,4.70761873,4.691956417,0
45,4.70761873,4.691956417,0
52,4.70761873,4.691956417,1
69,4.70761873,4.691956417,0
77,4.70761873,4.691956417,0
78,4.70761873,4.691956417,1
81,4.70761873,4.691956417,0
95,4.698665933,4.691956417,0
187,4.70761873,4.691956417,1
214,4.70761873,4.691956417,0
220,4.70761873,4.691956417,0
228,4.70761873,4.691956417,0
