rowId,28,label
12,3.484097597,1
38,3.495627665,1
86,3.502660312,1
99,3.483819764,1
117,3.511012666,1
234,3.576945905,0
255,3.4991874,1
292,3.493109804,1
305,3.490678765,1
344,3.491703274,1
