rowId,6,label
13,3.618740679,0
34,3.577149604,1
117,3.63410644,1
217,3.631041407,1
219,3.623064202,1
259,3.595377415,1
264,3.610702579,1
278,3.586507088,1
287,3.61127093,1
291,3.611230333,1
293,3.604349233,1
344,3.625418797,1
346,3.595539801,1
