rowId,16,26,label
66,3.931281621,3.818472266,1
119,3.787904466,3.887940836,1
126,3.926459773,3.887940836,0
128,3.905473409,3.887940836,0
147,3.921330492,3.859967436,1
197,3.932123017,3.815062766,1
231,3.907447454,3.795787465,1
302,3.957915048,3.823102213,1
304,3.785784795,3.772540872,1
333,3.965568517,3.84028532,1
334,3.960714308,3.849835795,1
341,3.901816572,3.824187054,1
