rowId,9,label
30,2.469908208,1
36,2.48024197,1
48,2.481130673,1
56,2.443350439,1
93,2.484437477,0
138,2.483032086,0
173,2.437315522,1
177,2.452981505,1
199,2.47230564,1
209,2.437315522,1
288,2.452898835,1
289,2.435310772,1
292,2.467242097,1
342,2.469908208,1
350,2.436323481,1
