rowId,17,21,label
127,2.903025609,2.80481946,1
129,2.98362759,2.933581314,1
141,2.953754128,2.888055353,1
245,2.897993018,2.821319968,1
247,2.887021969,2.918817702,1
302,2.81539813,2.882632379,1
303,2.925470966,2.941937711,1
312,2.863207747,2.788917217,1
320,2.942098647,2.909091087,1
350,2.915305131,2.800843899,1
