rowId,13,9,label
24,2.706118983,2.589924521,1
119,2.66398693,2.629792176,1
141,2.749322017,2.589366498,1
160,2.748533936,2.715562402,0
211,2.627533106,2.625203985,1
237,2.763123548,2.694915545,1
273,2.715879069,2.676294105,1
276,2.770135453,2.702273184,1
291,2.719900306,2.675798085,1
293,2.597080827,2.580272787,1
302,2.660531496,2.655295901,1
303,2.775530781,2.60329641,1
320,2.767043749,2.59285931,1
