rowId,19,label
24,2.653913363,1
48,2.676395616,1
50,2.658980057,1
103,2.641371849,1
105,2.651524503,1
144,2.630756835,0
153,2.670134491,1
238,2.647690768,0
242,2.693098369,0
304,2.637229874,1
306,2.671694956,1
