rowId,1,11,label
14,3.0,3.083807764,1
60,3.0,3.074915596,1
88,3.0,2.971988749,1
145,3.0,2.988237165,1
175,3.0,3.162180102,1
199,3.0,3.104259751,1
229,3.0,3.115617475,1
239,3.0,3.005415218,1
254,3.0,3.078330997,1
267,3.0,3.175174793,1
284,3.0,3.117193814,1
286,3.0,3.097529997,1
