rowId,30,32,label
36,3.849117038,3.93617877,1
54,3.852161746,3.903633922,1
107,3.787452951,3.796873045,1
126,3.918760359,3.900056093,0
155,3.834750915,3.843346552,1
245,3.808030978,3.903193868,1
305,3.836413256,3.790846221,1
313,3.794119812,3.838486827,1
316,3.838005603,3.80215369,1
319,3.873982153,3.943659684,1
326,3.934456353,3.775999189,1
331,3.812948006,3.877001101,1
332,3.796272105,3.863876018,1
