rowId,8,label
6,3.686522531,1
82,3.649347848,1
84,3.685556186,1
90,3.668576132,1
125,3.664533262,1
126,3.647355995,0
161,3.65341044,1
217,3.640749354,1
259,3.653075177,1
313,3.623670694,1
322,3.661989213,1
349,3.681592202,1
