rowId,8,label
16,3.886023374,1
28,3.926649287,1
54,3.885727554,1
60,3.935129453,1
72,3.924124958,1
103,3.904048658,1
127,3.903023149,1
129,3.920654006,1
140,3.908781774,0
141,3.897718115,1
199,3.926235139,1
304,3.93568165,1
