rowId,1,9,label
62,3.0,3.09249671,1
70,3.0,3.143297485,1
76,3.0,3.202261932,1
80,3.0,3.044341379,1
92,3.0,3.002613647,1
94,3.0,3.056803896,1
139,3.0,3.016212878,1
145,3.0,3.037293753,1
180,3.0,3.060317375,0
195,3.0,2.972997085,1
238,3.0,3.012079373,0
266,3.0,3.085531754,1
267,3.0,2.960534567,1
284,3.0,3.169090555,1
285,3.0,3.025347924,1
304,3.0,3.002696317,1
