rowId,1,label
26,1.034996079,0
73,1.084714545,0
119,1.025488572,0
157,1.029714131,0
175,1.025488572,0
188,1.05438594,0
190,1.025488572,0
201,1.060042736,0
255,1.045577014,0
268,1.025488572,0
282,0.980711284,0
371,1.001856115,0
415,1.013135629,0
450,0.997988365,0
547,1.005025283,0
632,0.999743335,0
682,1.010682079,0
683,1.061797706,0
698,1.040635836,0
702,1.042407845,0
725,1.034297499,0
849,0.9905766,1
910,1.082601766,1
971,0.989878019,1
1093,1.029714131,1
