rowId,1,label
0,3.149036151,0
10,3.168085241,0
14,3.159259276,0
40,3.158560696,0
131,3.14975177,0
166,3.146224791,0
302,3.163144064,0
357,3.152920938,0
373,3.183948124,0
423,3.17300938,0
435,3.171612219,0
461,3.160332704,0
487,3.173724998,0
525,3.174781388,0
546,3.17019802,0
589,3.144810592,0
662,3.1708966,0
674,3.185362323,0
736,3.158918505,0
759,3.153619519,0
806,3.151506739,1
867,3.166671042,1
989,3.174781388,1
1355,3.156447917,1
