rowId,2,label
56,1.53192505,0
84,1.528546884,0
295,1.541667442,0
328,1.519400776,0
504,1.505087651,0
638,1.539282308,0
731,1.531727836,0
738,1.521985445,0
777,1.508069068,1
873,1.507076036,1
896,1.526955247,1
967,1.524769648,1
988,1.514830042,1
995,1.546836779,1
1061,1.514034224,1
1089,1.538883238,1
1122,1.528546884,1
1123,1.518208209,1
1143,1.530535269,1
1178,1.526758033,1
1211,1.525166397,1
1232,1.524173364,1
1293,1.536498104,1
1333,1.540871624,1
1354,1.508665352,1
1361,1.510456523,1
