rowId,23,27,label
25,1.212943496,1.308327835,0
29,1.212943496,1.308327835,0
52,1.212943496,1.308327835,1
53,1.212943496,1.308327835,0
67,1.212943496,1.308327835,0
71,1.212943496,1.308327835,0
75,1.212943496,1.308327835,0
98,1.212943496,1.308327835,0
100,1.212943496,1.308327835,0
128,1.212943496,1.308327835,0
220,1.212943496,1.308327835,0
222,1.212943496,1.308327835,0
250,1.212943496,1.308327835,0
