rowId,16,22,label
5,2.376429918,2.424802586,0
102,2.381979897,2.399643895,0
114,2.399908109,2.399594207,0
138,2.380475092,2.397755751,0
143,2.386526673,2.39918014,1
152,2.381979897,2.445903424,0
168,2.381979897,2.399643895,0
170,2.381979897,2.399643895,0
184,2.381979897,2.399643895,0
188,2.381979897,2.399643895,0
212,2.381979897,2.399643895,0
224,2.381979897,2.399643895,0
230,2.381979897,2.399643895,0
238,2.41385587,2.51387661,0
246,2.381979897,2.399643895,0
248,2.381979897,2.399643895,0
