rowId,20,label
16,3.786507468,1
38,3.77584873,1
44,3.743593751,1
74,3.770289789,1
76,3.749890605,1
84,3.738379169,1
287,3.773864565,1
289,3.779751468,1
292,3.746496207,1
294,3.747414498,1
323,3.739854994,1
350,3.787966895,1
