rowId,15,3,31,label
129,2.788506678,2.919326972,2.932324816,1
141,2.835979174,2.950543361,2.940989579,1
156,2.773235195,2.95765653,2.971287041,0
160,2.977131311,2.91545324,2.960694612,0
161,2.921390398,2.901181596,2.96957356,1
171,2.844814818,2.899482591,2.791040505,1
195,2.956013032,2.895178444,2.808895757,1
237,2.870776339,2.827558036,2.980341232,1
274,2.802447361,2.884825839,2.799432668,1
313,2.789357518,2.895971313,2.96928149,1
320,2.777467577,2.872774229,2.880881438,1
