rowId,18,label
8,3.775995776,1
33,3.715686017,0
38,3.763333441,1
48,3.698472907,1
53,3.764866334,0
60,3.761928289,1
64,3.703949805,1
66,3.773345148,1
76,3.68149931,1
110,3.76887421,0
112,3.767421156,0
155,3.689387322,1
161,3.760555072,1
176,3.7511182,0
197,3.760778619,1
235,3.7390307,1
245,3.71951825,1
287,3.703854,1
288,3.774638527,1
291,3.728204643,1
293,3.758223798,1
313,3.767628735,1
318,3.767964055,1
332,3.794789682,1
349,3.715893597,1
