rowId,11,17,label
85,2.950607126,2.796958716,0
126,2.847963212,2.902482089,0
130,2.834139932,2.778780997,0
161,2.928154401,2.870474809,1
180,2.828501489,2.927826218,0
247,2.807402799,2.887021969,1
258,2.848347192,2.827657523,1
274,2.882885181,2.916070085,1
332,2.83729261,2.882251072,1
344,2.930559329,2.866891604,1
346,2.952021789,2.964986872,1
350,2.821630268,2.915305131,1
