rowId,1,29,3,label
22,3.0,3.030310786,3.060049912,1
65,3.0,3.0166093,3.139563357,0
86,3.0,3.099507227,3.0020572,1
127,3.0,3.080667684,3.128938911,1
175,3.0,3.170731331,3.165999878,1
211,3.0,3.054938026,3.105424678,1
239,3.0,3.149627893,3.145272014,1
275,3.0,3.098680413,3.134398381,1
284,3.0,3.030330472,3.126582957,1
288,3.0,2.974205563,2.997481213,1
295,3.0,2.998202849,3.155647273,1
330,3.0,3.187582584,3.084243746,1
331,3.0,2.985131317,3.140469493,1
338,3.0,3.165455471,3.149621468,1
