rowId,14,28,label
36,3.962659408,3.830017019,1
54,3.922082094,3.941410679,1
58,3.925911588,3.880790996,1
107,3.807947867,3.980220473,1
205,3.914515015,3.97716431,1
241,3.863414252,3.807582006,1
243,3.898829409,3.828141647,1
245,3.79673511,3.776655723,1
303,3.959503906,3.911595728,1
319,3.862740262,3.863930007,1
321,3.880248706,3.872994308,1
329,3.939238226,3.920486383,1
347,3.922281228,3.960511696,1
348,3.912002867,3.942469917,1
349,3.860748925,3.783809922,1
