rowId,17,label
120,2.970683765,0
126,2.902482089,0
127,2.903025609,1
129,2.98362759,1
140,2.936502406,0
141,2.953754128,1
143,2.989304353,1
156,2.949848838,0
158,2.910554365,0
175,2.888873962,1
180,2.927826218,0
238,2.94777541,0
241,2.884304369,1
243,2.905481513,1
245,2.897993018,1
247,2.887021969,1
268,2.938515442,1
274,2.916070085,1
288,2.913835615,1
303,2.925470966,1
320,2.942098647,1
322,2.943044774,1
325,2.899281361,1
346,2.964986872,1
350,2.915305131,1
