rowId,12,14,6,label
6,3.613078287,3.615967694,3.76720194,1
32,3.726291998,3.730668687,3.752871389,1
34,3.640995979,3.6498051,3.577149604,1
117,3.631047187,3.654109451,3.63410644,1
125,3.608449448,3.579602823,3.730462142,1
259,3.672015635,3.709560518,3.595377415,1
287,3.694468724,3.739308024,3.61127093,1
342,3.715925326,3.746063251,3.659783702,1
344,3.691366758,3.726057976,3.625418797,1
346,3.660845344,3.687640497,3.595539801,1
350,3.652343065,3.686951188,3.667070767,1
