rowId,16,18,22,label
102,2.381979897,2.426139793,2.399643895,0
114,2.399908109,2.431600724,2.399594207,0
138,2.380475092,2.433644581,2.397755751,0
143,2.386526673,2.427385268,2.39918014,1
168,2.381979897,2.426139793,2.399643895,0
212,2.381979897,2.426139793,2.399643895,0
224,2.381979897,2.426139793,2.399643895,0
230,2.381979897,2.426139793,2.399643895,0
246,2.381979897,2.426139793,2.399643895,0
248,2.381979897,2.426139793,2.399643895,0
