rowId,26,label
36,3.676144998,1
54,3.640829548,1
56,3.641526946,1
58,3.663669326,1
70,3.684571888,1
103,3.670837026,1
107,3.647319222,1
195,3.641778784,1
234,3.679922569,0
241,3.660221081,1
319,3.634611084,1
321,3.674885807,1
330,3.685056192,1
349,3.677694771,1
