rowId,12,32,label
36,3.963053948,3.93617877,1
46,3.909597276,3.768728735,1
54,3.889699693,3.903633922,1
58,3.894151737,3.930572867,1
66,3.963053948,3.868984469,1
126,3.895935769,3.900056093,0
161,3.771005307,3.844762377,1
195,3.957846503,3.973946865,1
313,3.963053948,3.838486827,1
317,3.840984367,3.929998884,1
319,3.820990349,3.943659684,1
