rowId,13,25,label
13,2.968287446,2.805439127,0
61,2.811236938,2.812223861,0
122,2.811236938,2.938734571,0
158,2.968449104,2.937495619,0
199,2.853773134,2.854033556,1
239,2.80671052,2.953012011,1
243,2.79036288,2.861958912,1
257,2.822371115,2.8290972,1
275,2.911020187,2.887485245,1
277,2.90932278,2.844043281,1
339,2.954930474,2.773324719,1
350,2.804144204,2.842764998,1
