rowId,33,label
64,2.853737626,1
89,2.834264478,0
123,2.835631015,1
129,2.881281881,1
137,2.862321185,1
153,2.841396092,1
199,2.846520604,1
239,2.86876953,1
270,2.890655469,1
274,2.858520505,1
275,2.868918995,1
295,2.874385142,1
346,2.877118215,1
350,2.837744877,1
