rowId,27,label
34,2.915854056,1
113,2.909290721,1
119,2.868947118,1
178,2.92830803,0
243,2.911745154,1
249,2.940216574,1
254,2.910508847,1
266,2.899418447,1
271,2.900127505,1
285,2.934235031,1
294,2.907508985,1
295,2.918163041,1
302,2.891673348,1
338,2.917381259,1
