rowId,12,6,label
6,3.613078287,3.76720194,1
32,3.726291998,3.752871389,1
34,3.640995979,3.577149604,1
107,3.725520525,3.674459323,1
117,3.631047187,3.63410644,1
125,3.608449448,3.730462142,1
217,3.580869276,3.631041407,1
259,3.672015635,3.595377415,1
287,3.694468724,3.61127093,1
293,3.679167836,3.604349233,1
331,3.764672797,3.680650283,1
332,3.754450775,3.694209501,1
342,3.715925326,3.659783702,1
344,3.691366758,3.625418797,1
346,3.660845344,3.595539801,1
350,3.652343065,3.667070767,1
