rowId,13,15,7,label
24,2.706118983,2.700870181,2.672260385,1
36,2.679000894,2.672094344,2.713950264,1
48,2.586896388,2.565783004,2.661353038,1
156,2.765124063,2.773235195,2.732442826,0
247,2.569801081,2.765490371,2.690983384,1
269,2.694621075,2.704360806,2.707440421,1
302,2.660531496,2.688849342,2.624175882,1
303,2.775530781,2.760014454,2.742524441,1
320,2.767043749,2.777467577,2.740738555,1
343,2.679344417,2.685795046,2.702159575,1
