rowId,19,27,label
19,4.972783407,4.944524585,0
28,4.878365651,4.944524585,1
37,4.972783407,4.944524585,0
51,4.972783407,4.944524585,0
77,4.972783407,4.944524585,0
78,4.972783407,4.944524585,1
79,4.972783407,4.944524585,0
162,4.972783407,4.944524585,0
164,4.972783407,4.944524585,0
186,4.972783407,4.944524585,0
194,4.972783407,4.944524585,0
216,4.972783407,4.944524585,0
