rowId,6,label
16,3.868794585,1
33,3.873016617,0
39,3.863395256,0
44,3.886088678,1
48,3.86380122,1
54,3.855681928,1
72,3.832562243,1
103,3.839443343,1
127,3.878984297,1
129,3.885987187,1
193,3.834916838,1
262,3.880547261,1
270,3.845898181,1
304,3.843705972,1
