rowId,1,label
293,2.733363878,0
298,2.991088866,0
327,1.855793767,0
359,2.698094096,0
365,2.212257106,0
370,3.036922544,0
379,2.119175551,0
380,2.245039261,0
390,2.799643807,0
394,2.77003082,0
410,2.275010057,0
418,2.281706204,0
519,2.642735872,0
555,3.168085241,0
557,3.171612219,0
560,3.2326102,0
623,2.157597463,0
651,2.205543921,0
1029,1.818070435,1
1193,1.97462056,1
1310,3.124722151,1
