rowId,9,label
5,2.762374344,0
90,2.747163046,1
146,2.754376012,0
175,2.746770363,1
229,2.733749823,1
235,2.751503226,1
257,2.784777941,1
271,2.774340841,1
319,2.790750855,1
322,2.742471518,1
335,2.754665358,1
