rowId,15,21,31,label
129,2.788506678,2.933581314,2.932324816,1
141,2.835979174,2.888055353,2.940989579,1
160,2.977131311,2.934990129,2.960694612,0
171,2.844814818,2.769560482,2.791040505,1
237,2.870776339,2.930377707,2.980341232,1
245,2.85105431,2.821319968,2.910030089,1
270,2.808359606,2.938367426,2.939938124,1
293,2.83296851,2.868621422,2.795733106,1
320,2.777467577,2.909091087,2.880881438,1
350,2.821820328,2.800843899,2.877357119,1
