rowId,16,label
10,3.825783477,1
16,3.818971404,1
38,3.820427667,1
58,3.852740518,1
74,3.824100685,1
119,3.787904466,1
177,3.797790872,1
241,3.79193346,1
288,3.816301589,1
293,3.80657699,1
304,3.785784795,1
319,3.79518578,1
