rowId,3,label
66,3.534819934,1
136,3.536156484,0
150,3.550767929,0
153,3.549929753,1
177,3.560214398,1
282,3.535635456,1
297,3.56281954,1
298,3.593446941,1
299,3.556272706,1
314,3.567576754,1
