rowId,3,label
20,2.33535084,0
54,2.326117199,0
61,2.342737752,0
206,2.316274329,0
328,2.343965731,0
374,2.326117199,0
545,2.332890122,0
569,2.309501406,0
577,2.311348134,0
674,2.311348134,0
689,2.306426699,0
723,2.310734145,0
748,2.314427601,0
809,2.314427601,1
921,2.346431208,1
992,2.335964829,1
1009,2.343351742,1
1060,2.314427601,1
1065,2.334118101,1
1084,2.327963927,1
1114,2.34458448,1
1197,2.316274329,1
1206,2.329196666,1
1221,2.30519396,1
1269,2.342737752,1
1365,2.31565558,1
