rowId,1,18,label
4,3.0,3.146391917,1
6,3.0,3.030546723,1
73,3.0,3.167501131,0
85,3.0,3.170902237,0
92,3.0,3.002363847,1
93,3.0,2.964983613,0
94,3.0,3.103886072,1
98,3.0,3.008671063,0
104,3.0,3.14589692,0
120,3.0,3.006786882,0
123,3.0,2.991665531,1
137,3.0,3.091463252,1
146,3.0,3.124723836,0
181,3.0,3.072397895,1
211,3.0,3.151948654,1
260,3.0,3.099558843,1
274,3.0,3.175437046,1
277,3.0,3.116005507,1
290,3.0,3.087519246,1
