rowId,9,label
0,2.702913877,1
66,2.714425688,1
91,2.719778577,0
160,2.715562402,0
191,2.716203095,1
229,2.733749823,1
237,2.694915545,1
276,2.702273184,1
321,2.682494363,1
322,2.742471518,1
